<?xml version="1.0"?>
<!-- Generated by Fujitsu Interstage XWand B0196 --><linkbase xmlns="http://www.xbrl.org/2003/linkbase" xmlns:xbrldt="http://xbrl.org/2005/xbrldt" xmlns:xbrli="http://www.xbrl.org/2003/instance" xmlns:xlink="http://www.w3.org/1999/xlink" xmlns:xsi="http://www.w3.org/2001/XMLSchema-instance"><roleRef roleURI="http://www.xbrl.tdnet.info/jp/tse/tdnet/role/RoleBusinessResultsCashFlowsREIT" xlink:href="http://www.xbrl.tdnet.info/taxonomy/jp/tse/tdnet/re/o/rt/2014-01-12/tse-re-rt-2014-01-12.xsd#RoleBusinessResultsCashFlowsREIT" xlink:type="simple"/><roleRef roleURI="http://www.xbrl.tdnet.info/jp/tse/tdnet/role/RoleBusinessResultsFinancialPositionsREIT" xlink:href="http://www.xbrl.tdnet.info/taxonomy/jp/tse/tdnet/re/o/rt/2014-01-12/tse-re-rt-2014-01-12.xsd#RoleBusinessResultsFinancialPositionsREIT" xlink:type="simple"/><roleRef roleURI="http://www.xbrl.tdnet.info/jp/tse/tdnet/role/RoleBusinessResultsOperatingResultsREIT" xlink:href="http://www.xbrl.tdnet.info/taxonomy/jp/tse/tdnet/re/o/rt/2014-01-12/tse-re-rt-2014-01-12.xsd#RoleBusinessResultsOperatingResultsREIT" xlink:type="simple"/><roleRef roleURI="http://www.xbrl.tdnet.info/jp/tse/tdnet/role/RoleBusinessResultsDistributionsREIT" xlink:href="http://www.xbrl.tdnet.info/taxonomy/jp/tse/tdnet/re/o/rt/2014-01-12/tse-re-rt-2014-01-12.xsd#RoleBusinessResultsDistributionsREIT" xlink:type="simple"/><roleRef roleURI="http://www.xbrl.tdnet.info/jp/tse/tdnet/role/RoleDocumentEntityInformationREIT" xlink:href="http://www.xbrl.tdnet.info/taxonomy/jp/tse/tdnet/re/o/rt/2014-01-12/tse-re-rt-2014-01-12.xsd#RoleDocumentEntityInformationREIT" xlink:type="simple"/><roleRef roleURI="http://www.xbrl.tdnet.info/jp/tse/tdnet/role/RoleForecastsREIT" xlink:href="http://www.xbrl.tdnet.info/taxonomy/jp/tse/tdnet/re/o/rt/2014-01-12/tse-re-rt-2014-01-12.xsd#RoleForecastsREIT" xlink:type="simple"/><roleRef roleURI="http://www.xbrl.tdnet.info/jp/tse/tdnet/role/RoleNotesChangesAccountingPoliciesAccountingEstimatesRetrospectiveRestatementREIT" xlink:href="http://www.xbrl.tdnet.info/taxonomy/jp/tse/tdnet/re/o/rt/2014-01-12/tse-re-rt-2014-01-12.xsd#RoleNotesChangesAccountingPoliciesAccountingEstimatesRetrospectiveRestatementREIT" xlink:type="simple"/><roleRef roleURI="http://www.xbrl.tdnet.info/jp/tse/tdnet/role/RoleNotesNumberOfInvestmentUnitsIssuedREIT" xlink:href="http://www.xbrl.tdnet.info/taxonomy/jp/tse/tdnet/re/o/rt/2014-01-12/tse-re-rt-2014-01-12.xsd#RoleNotesNumberOfInvestmentUnitsIssuedREIT" xlink:type="simple"/><roleRef roleURI="http://www.xbrl.tdnet.info/jp/tse/tdnet/role/RoleSpecialNotesREIT" xlink:href="http://www.xbrl.tdnet.info/taxonomy/jp/tse/tdnet/re/o/rt/2014-01-12/tse-re-rt-2014-01-12.xsd#RoleSpecialNotesREIT" xlink:type="simple"/><arcroleRef arcroleURI="http://xbrl.org/int/dim/arcrole/all" xlink:href="http://www.xbrl.org/2005/xbrldt-2005.xsd#all" xlink:type="simple"/><arcroleRef arcroleURI="http://xbrl.org/int/dim/arcrole/dimension-domain" xlink:href="http://www.xbrl.org/2005/xbrldt-2005.xsd#dimension-domain" xlink:type="simple"/><arcroleRef arcroleURI="http://xbrl.org/int/dim/arcrole/domain-member" xlink:href="http://www.xbrl.org/2005/xbrldt-2005.xsd#domain-member" xlink:type="simple"/><arcroleRef arcroleURI="http://xbrl.org/int/dim/arcrole/hypercube-dimension" xlink:href="http://www.xbrl.org/2005/xbrldt-2005.xsd#hypercube-dimension" xlink:type="simple"/><definitionLink xlink:role="http://www.xbrl.tdnet.info/jp/tse/tdnet/role/RoleDocumentEntityInformationREIT" xlink:type="extended"><loc xlink:href="http://www.xbrl.tdnet.info/taxonomy/jp/tse/tdnet/re/t/2014-01-12/tse-re-t-2014-01-12.xsd#tse-re-t_DocumentEntityInformationREITHeading" xlink:label="DocumentEntityInformationREITHeading" xlink:type="locator"/><loc xlink:href="http://www.xbrl.tdnet.info/taxonomy/jp/tse/tdnet/re/t/2014-01-12/tse-re-t-2014-01-12.xsd#tse-re-t_DocumentEntityInformationREITTable" xlink:label="DocumentEntityInformationREITTable" xlink:type="locator"/><definitionArc order="1.0" priority="0" xbrldt:closed="true" xbrldt:contextElement="scenario" xlink:arcrole="http://xbrl.org/int/dim/arcrole/all" xlink:from="DocumentEntityInformationREITHeading" xlink:to="DocumentEntityInformationREITTable" xlink:type="arc"/><loc xlink:href="http://www.xbrl.tdnet.info/taxonomy/jp/tse/tdnet/re/t/2014-01-12/tse-re-t-2014-01-12.xsd#tse-re-t_DocumentEntityInformationREITLineItems" xlink:label="DocumentEntityInformationREITLineItems" xlink:type="locator"/><definitionArc order="2.0" priority="0" xlink:arcrole="http://xbrl.org/int/dim/arcrole/domain-member" xlink:from="DocumentEntityInformationREITHeading" xlink:to="DocumentEntityInformationREITLineItems" xlink:type="arc"/><loc xlink:href="http://www.xbrl.tdnet.info/taxonomy/jp/tse/tdnet/re/t/2014-01-12/tse-re-t-2014-01-12.xsd#tse-re-t_DocumentName" xlink:label="DocumentName" xlink:type="locator"/><definitionArc order="1.0" priority="0" xlink:arcrole="http://xbrl.org/int/dim/arcrole/domain-member" xlink:from="DocumentEntityInformationREITLineItems" xlink:to="DocumentName" xlink:type="arc"/><loc xlink:href="http://www.xbrl.tdnet.info/taxonomy/jp/tse/tdnet/re/t/2014-01-12/tse-re-t-2014-01-12.xsd#tse-re-t_IssuerNameREIT" xlink:label="IssuerNameREIT" xlink:type="locator"/><definitionArc order="3.0" priority="0" xlink:arcrole="http://xbrl.org/int/dim/arcrole/domain-member" xlink:from="DocumentEntityInformationREITLineItems" xlink:to="IssuerNameREIT" xlink:type="arc"/><loc xlink:href="http://www.xbrl.tdnet.info/taxonomy/jp/tse/tdnet/re/t/2014-01-12/tse-re-t-2014-01-12.xsd#tse-re-t_StockExchangeListingsAbstract" xlink:label="StockExchangeListingsAbstract" xlink:type="locator"/><definitionArc order="4.0" priority="0" xlink:arcrole="http://xbrl.org/int/dim/arcrole/domain-member" xlink:from="DocumentEntityInformationREITLineItems" xlink:to="StockExchangeListingsAbstract" xlink:type="arc"/><loc xlink:href="http://www.xbrl.tdnet.info/taxonomy/jp/tse/tdnet/re/t/2014-01-12/tse-re-t-2014-01-12.xsd#tse-re-t_TokyoStockExchange" xlink:label="TokyoStockExchange" xlink:type="locator"/><definitionArc order="1.0" priority="0" xlink:arcrole="http://xbrl.org/int/dim/arcrole/domain-member" xlink:from="StockExchangeListingsAbstract" xlink:to="TokyoStockExchange" xlink:type="arc"/><loc xlink:href="http://www.xbrl.tdnet.info/taxonomy/jp/tse/tdnet/re/t/2014-01-12/tse-re-t-2014-01-12.xsd#tse-re-t_TokyoStockExchange1stSection" xlink:label="TokyoStockExchange1stSection" xlink:type="locator"/><definitionArc order="1.0" priority="0" xlink:arcrole="http://xbrl.org/int/dim/arcrole/domain-member" xlink:from="TokyoStockExchange" xlink:to="TokyoStockExchange1stSection" xlink:type="arc"/><loc xlink:href="http://www.xbrl.tdnet.info/taxonomy/jp/tse/tdnet/re/t/2014-01-12/tse-re-t-2014-01-12.xsd#tse-re-t_TokyoStockExchange2ndSection" xlink:label="TokyoStockExchange2ndSection" xlink:type="locator"/><definitionArc order="2.0" priority="0" xlink:arcrole="http://xbrl.org/int/dim/arcrole/domain-member" xlink:from="TokyoStockExchange" xlink:to="TokyoStockExchange2ndSection" xlink:type="arc"/><loc xlink:href="http://www.xbrl.tdnet.info/taxonomy/jp/tse/tdnet/re/t/2014-01-12/tse-re-t-2014-01-12.xsd#tse-re-t_TokyoStockExchangeMothers" xlink:label="TokyoStockExchangeMothers" xlink:type="locator"/><definitionArc order="3.0" priority="0" xlink:arcrole="http://xbrl.org/int/dim/arcrole/domain-member" xlink:from="TokyoStockExchange" xlink:to="TokyoStockExchangeMothers" xlink:type="arc"/><loc xlink:href="http://www.xbrl.tdnet.info/taxonomy/jp/tse/tdnet/re/t/2014-01-12/tse-re-t-2014-01-12.xsd#tse-re-t_TokyoStockExchangeOthers" xlink:label="TokyoStockExchangeOthers" xlink:type="locator"/><definitionArc order="6.0" priority="0" xlink:arcrole="http://xbrl.org/int/dim/arcrole/domain-member" xlink:from="TokyoStockExchange" xlink:to="TokyoStockExchangeOthers" xlink:type="arc"/><loc xlink:href="http://www.xbrl.tdnet.info/taxonomy/jp/tse/tdnet/re/t/2014-01-12/tse-re-t-2014-01-12.xsd#tse-re-t_TokyoStockExchangeJASDAQ" xlink:label="TokyoStockExchangeJASDAQ" xlink:type="locator"/><definitionArc order="4.0" priority="0" xlink:arcrole="http://xbrl.org/int/dim/arcrole/domain-member" xlink:from="TokyoStockExchange" xlink:to="TokyoStockExchangeJASDAQ" xlink:type="arc"/><loc xlink:href="http://www.xbrl.tdnet.info/taxonomy/jp/tse/tdnet/re/t/2014-01-12/tse-re-t-2014-01-12.xsd#tse-re-t_TokyoStockExchangePROMarket" xlink:label="TokyoStockExchangePROMarket" xlink:type="locator"/><definitionArc order="5.0" priority="0" xlink:arcrole="http://xbrl.org/int/dim/arcrole/domain-member" xlink:from="TokyoStockExchange" xlink:to="TokyoStockExchangePROMarket" xlink:type="arc"/><loc xlink:href="http://www.xbrl.tdnet.info/taxonomy/jp/tse/tdnet/re/t/2014-01-12/tse-re-t-2014-01-12.xsd#tse-re-t_NagoyaStockExchange" xlink:label="NagoyaStockExchange" xlink:type="locator"/><definitionArc order="2.0" priority="0" xlink:arcrole="http://xbrl.org/int/dim/arcrole/domain-member" xlink:from="StockExchangeListingsAbstract" xlink:to="NagoyaStockExchange" xlink:type="arc"/><loc xlink:href="http://www.xbrl.tdnet.info/taxonomy/jp/tse/tdnet/re/t/2014-01-12/tse-re-t-2014-01-12.xsd#tse-re-t_NagoyaStockExchange1stSection" xlink:label="NagoyaStockExchange1stSection" xlink:type="locator"/><definitionArc order="1.0" priority="0" xlink:arcrole="http://xbrl.org/int/dim/arcrole/domain-member" xlink:from="NagoyaStockExchange" xlink:to="NagoyaStockExchange1stSection" xlink:type="arc"/><loc xlink:href="http://www.xbrl.tdnet.info/taxonomy/jp/tse/tdnet/re/t/2014-01-12/tse-re-t-2014-01-12.xsd#tse-re-t_NagoyaStockExchange2ndSection" xlink:label="NagoyaStockExchange2ndSection" xlink:type="locator"/><definitionArc order="2.0" priority="0" xlink:arcrole="http://xbrl.org/int/dim/arcrole/domain-member" xlink:from="NagoyaStockExchange" xlink:to="NagoyaStockExchange2ndSection" xlink:type="arc"/><loc xlink:href="http://www.xbrl.tdnet.info/taxonomy/jp/tse/tdnet/re/t/2014-01-12/tse-re-t-2014-01-12.xsd#tse-re-t_NagoyaStockExchangeCentrex" xlink:label="NagoyaStockExchangeCentrex" xlink:type="locator"/><definitionArc order="3.0" priority="0" xlink:arcrole="http://xbrl.org/int/dim/arcrole/domain-member" xlink:from="NagoyaStockExchange" xlink:to="NagoyaStockExchangeCentrex" xlink:type="arc"/><loc xlink:href="http://www.xbrl.tdnet.info/taxonomy/jp/tse/tdnet/re/t/2014-01-12/tse-re-t-2014-01-12.xsd#tse-re-t_NagoyaStockExchangeOthers" xlink:label="NagoyaStockExchangeOthers" xlink:type="locator"/><definitionArc order="4.0" priority="0" xlink:arcrole="http://xbrl.org/int/dim/arcrole/domain-member" xlink:from="NagoyaStockExchange" xlink:to="NagoyaStockExchangeOthers" xlink:type="arc"/><loc xlink:href="http://www.xbrl.tdnet.info/taxonomy/jp/tse/tdnet/re/t/2014-01-12/tse-re-t-2014-01-12.xsd#tse-re-t_SapporoStockExchange" xlink:label="SapporoStockExchange" xlink:type="locator"/><definitionArc order="3.0" priority="0" xlink:arcrole="http://xbrl.org/int/dim/arcrole/domain-member" xlink:from="StockExchangeListingsAbstract" xlink:to="SapporoStockExchange" xlink:type="arc"/><loc xlink:href="http://www.xbrl.tdnet.info/taxonomy/jp/tse/tdnet/re/t/2014-01-12/tse-re-t-2014-01-12.xsd#tse-re-t_SapporoStockExchangeEstablished" xlink:label="SapporoStockExchangeEstablished" xlink:type="locator"/><definitionArc order="1.0" priority="0" xlink:arcrole="http://xbrl.org/int/dim/arcrole/domain-member" xlink:from="SapporoStockExchange" xlink:to="SapporoStockExchangeEstablished" xlink:type="arc"/><loc xlink:href="http://www.xbrl.tdnet.info/taxonomy/jp/tse/tdnet/re/t/2014-01-12/tse-re-t-2014-01-12.xsd#tse-re-t_SapporoStockExchangeAmbitious" xlink:label="SapporoStockExchangeAmbitious" xlink:type="locator"/><definitionArc order="2.0" priority="0" xlink:arcrole="http://xbrl.org/int/dim/arcrole/domain-member" xlink:from="SapporoStockExchange" xlink:to="SapporoStockExchangeAmbitious" xlink:type="arc"/><loc xlink:href="http://www.xbrl.tdnet.info/taxonomy/jp/tse/tdnet/re/t/2014-01-12/tse-re-t-2014-01-12.xsd#tse-re-t_SapporoStockExchangeOthers" xlink:label="SapporoStockExchangeOthers" xlink:type="locator"/><definitionArc order="3.0" priority="0" xlink:arcrole="http://xbrl.org/int/dim/arcrole/domain-member" xlink:from="SapporoStockExchange" xlink:to="SapporoStockExchangeOthers" xlink:type="arc"/><loc xlink:href="http://www.xbrl.tdnet.info/taxonomy/jp/tse/tdnet/re/t/2014-01-12/tse-re-t-2014-01-12.xsd#tse-re-t_FukuokaStockExchange" xlink:label="FukuokaStockExchange" xlink:type="locator"/><definitionArc order="4.0" priority="0" xlink:arcrole="http://xbrl.org/int/dim/arcrole/domain-member" xlink:from="StockExchangeListingsAbstract" xlink:to="FukuokaStockExchange" xlink:type="arc"/><loc xlink:href="http://www.xbrl.tdnet.info/taxonomy/jp/tse/tdnet/re/t/2014-01-12/tse-re-t-2014-01-12.xsd#tse-re-t_FukuokaStockExchangeEstablished" xlink:label="FukuokaStockExchangeEstablished" xlink:type="locator"/><definitionArc order="1.0" priority="0" xlink:arcrole="http://xbrl.org/int/dim/arcrole/domain-member" xlink:from="FukuokaStockExchange" xlink:to="FukuokaStockExchangeEstablished" xlink:type="arc"/><loc xlink:href="http://www.xbrl.tdnet.info/taxonomy/jp/tse/tdnet/re/t/2014-01-12/tse-re-t-2014-01-12.xsd#tse-re-t_FukuokaStockExchangeQBoard" xlink:label="FukuokaStockExchangeQBoard" xlink:type="locator"/><definitionArc order="2.0" priority="0" xlink:arcrole="http://xbrl.org/int/dim/arcrole/domain-member" xlink:from="FukuokaStockExchange" xlink:to="FukuokaStockExchangeQBoard" xlink:type="arc"/><loc xlink:href="http://www.xbrl.tdnet.info/taxonomy/jp/tse/tdnet/re/t/2014-01-12/tse-re-t-2014-01-12.xsd#tse-re-t_FukuokaStockExchangeOthers" xlink:label="FukuokaStockExchangeOthers" xlink:type="locator"/><definitionArc order="3.0" priority="0" xlink:arcrole="http://xbrl.org/int/dim/arcrole/domain-member" xlink:from="FukuokaStockExchange" xlink:to="FukuokaStockExchangeOthers" xlink:type="arc"/><loc xlink:href="http://www.xbrl.tdnet.info/taxonomy/jp/tse/tdnet/re/t/2014-01-12/tse-re-t-2014-01-12.xsd#tse-re-t_JapanSecuritiesDealersAssociation" xlink:label="JapanSecuritiesDealersAssociation" xlink:type="locator"/><definitionArc order="5.0" priority="0" xlink:arcrole="http://xbrl.org/int/dim/arcrole/domain-member" xlink:from="StockExchangeListingsAbstract" xlink:to="JapanSecuritiesDealersAssociation" xlink:type="arc"/><loc xlink:href="http://www.xbrl.tdnet.info/taxonomy/jp/tse/tdnet/re/t/2014-01-12/tse-re-t-2014-01-12.xsd#tse-re-t_JapanSecuritiesDealersAssociationGreenSheet" xlink:label="JapanSecuritiesDealersAssociationGreenSheet" xlink:type="locator"/><definitionArc order="1.0" priority="0" xlink:arcrole="http://xbrl.org/int/dim/arcrole/domain-member" xlink:from="JapanSecuritiesDealersAssociation" xlink:to="JapanSecuritiesDealersAssociationGreenSheet" xlink:type="arc"/><loc xlink:href="http://www.xbrl.tdnet.info/taxonomy/jp/tse/tdnet/re/t/2014-01-12/tse-re-t-2014-01-12.xsd#tse-re-t_SecuritiesCode" xlink:label="SecuritiesCode" xlink:type="locator"/><definitionArc order="5.0" priority="0" xlink:arcrole="http://xbrl.org/int/dim/arcrole/domain-member" xlink:from="DocumentEntityInformationREITLineItems" xlink:to="SecuritiesCode" xlink:type="arc"/><loc xlink:href="http://www.xbrl.tdnet.info/taxonomy/jp/tse/tdnet/re/t/2014-01-12/tse-re-t-2014-01-12.xsd#tse-re-t_FiscalYearEnd" xlink:label="FiscalYearEnd" xlink:type="locator"/><definitionArc order="7.0" priority="0" xlink:arcrole="http://xbrl.org/int/dim/arcrole/domain-member" xlink:from="DocumentEntityInformationREITLineItems" xlink:to="FiscalYearEnd" xlink:type="arc"/><loc xlink:href="http://www.xbrl.tdnet.info/taxonomy/jp/tse/tdnet/re/t/2014-01-12/tse-re-t-2014-01-12.xsd#tse-re-t_RepresentativeAbstract" xlink:label="RepresentativeAbstract" xlink:type="locator"/><definitionArc order="8.0" priority="0" xlink:arcrole="http://xbrl.org/int/dim/arcrole/domain-member" xlink:from="DocumentEntityInformationREITLineItems" xlink:to="RepresentativeAbstract" xlink:type="arc"/><loc xlink:href="http://www.xbrl.tdnet.info/taxonomy/jp/tse/tdnet/re/t/2014-01-12/tse-re-t-2014-01-12.xsd#tse-re-t_TitleRepresentative" xlink:label="TitleRepresentative" xlink:type="locator"/><definitionArc order="1.0" priority="0" xlink:arcrole="http://xbrl.org/int/dim/arcrole/domain-member" xlink:from="RepresentativeAbstract" xlink:to="TitleRepresentative" xlink:type="arc"/><loc xlink:href="http://www.xbrl.tdnet.info/taxonomy/jp/tse/tdnet/re/t/2014-01-12/tse-re-t-2014-01-12.xsd#tse-re-t_NameRepresentative" xlink:label="NameRepresentative" xlink:type="locator"/><definitionArc order="2.0" priority="0" xlink:arcrole="http://xbrl.org/int/dim/arcrole/domain-member" xlink:from="RepresentativeAbstract" xlink:to="NameRepresentative" xlink:type="arc"/><loc xlink:href="http://www.xbrl.tdnet.info/taxonomy/jp/tse/tdnet/re/t/2014-01-12/tse-re-t-2014-01-12.xsd#tse-re-t_InquiriesAbstract" xlink:label="InquiriesAbstract" xlink:type="locator"/><definitionArc order="11.0" priority="0" xlink:arcrole="http://xbrl.org/int/dim/arcrole/domain-member" xlink:from="DocumentEntityInformationREITLineItems" xlink:to="InquiriesAbstract" xlink:type="arc"/><loc xlink:href="http://www.xbrl.tdnet.info/taxonomy/jp/tse/tdnet/re/t/2014-01-12/tse-re-t-2014-01-12.xsd#tse-re-t_TitleInquiries" xlink:label="TitleInquiries" xlink:type="locator"/><definitionArc order="1.0" priority="0" xlink:arcrole="http://xbrl.org/int/dim/arcrole/domain-member" xlink:from="InquiriesAbstract" xlink:to="TitleInquiries" xlink:type="arc"/><loc xlink:href="http://www.xbrl.tdnet.info/taxonomy/jp/tse/tdnet/re/t/2014-01-12/tse-re-t-2014-01-12.xsd#tse-re-t_NameInquiries" xlink:label="NameInquiries" xlink:type="locator"/><definitionArc order="2.0" priority="0" xlink:arcrole="http://xbrl.org/int/dim/arcrole/domain-member" xlink:from="InquiriesAbstract" xlink:to="NameInquiries" xlink:type="arc"/><loc xlink:href="http://www.xbrl.tdnet.info/taxonomy/jp/tse/tdnet/re/t/2014-01-12/tse-re-t-2014-01-12.xsd#tse-re-t_Tel" xlink:label="Tel" xlink:type="locator"/><definitionArc order="12.0" priority="0" xlink:arcrole="http://xbrl.org/int/dim/arcrole/domain-member" xlink:from="DocumentEntityInformationREITLineItems" xlink:to="Tel" xlink:type="arc"/><loc xlink:href="http://www.xbrl.tdnet.info/taxonomy/jp/tse/tdnet/re/t/2014-01-12/tse-re-t-2014-01-12.xsd#tse-re-t_AssetManagerREIT" xlink:label="AssetManagerREIT" xlink:type="locator"/><definitionArc order="9.0" priority="0" xlink:arcrole="http://xbrl.org/int/dim/arcrole/domain-member" xlink:from="DocumentEntityInformationREITLineItems" xlink:to="AssetManagerREIT" xlink:type="arc"/><loc xlink:href="http://www.xbrl.tdnet.info/taxonomy/jp/tse/tdnet/re/t/2014-01-12/tse-re-t-2014-01-12.xsd#tse-re-t_RepresentativeAssetManagerREITAbstract" xlink:label="RepresentativeAssetManagerREITAbstract" xlink:type="locator"/><definitionArc order="10.0" priority="0" xlink:arcrole="http://xbrl.org/int/dim/arcrole/domain-member" xlink:from="DocumentEntityInformationREITLineItems" xlink:to="RepresentativeAssetManagerREITAbstract" xlink:type="arc"/><loc xlink:href="http://www.xbrl.tdnet.info/taxonomy/jp/tse/tdnet/re/t/2014-01-12/tse-re-t-2014-01-12.xsd#tse-re-t_TitleAssetManagerREIT" xlink:label="TitleAssetManagerREIT" xlink:type="locator"/><definitionArc order="1.0" priority="0" xlink:arcrole="http://xbrl.org/int/dim/arcrole/domain-member" xlink:from="RepresentativeAssetManagerREITAbstract" xlink:to="TitleAssetManagerREIT" xlink:type="arc"/><loc xlink:href="http://www.xbrl.tdnet.info/taxonomy/jp/tse/tdnet/re/t/2014-01-12/tse-re-t-2014-01-12.xsd#tse-re-t_NameAssetManagerREIT" xlink:label="NameAssetManagerREIT" xlink:type="locator"/><definitionArc order="2.0" priority="0" xlink:arcrole="http://xbrl.org/int/dim/arcrole/domain-member" xlink:from="RepresentativeAssetManagerREITAbstract" xlink:to="NameAssetManagerREIT" xlink:type="arc"/><loc xlink:href="http://www.xbrl.tdnet.info/taxonomy/jp/tse/tdnet/re/t/2014-01-12/tse-re-t-2014-01-12.xsd#tse-re-t_OtherSubmitterInformationREITAbstract" xlink:label="OtherSubmitterInformationREITAbstract" xlink:type="locator"/><definitionArc order="13.0" priority="0" xlink:arcrole="http://xbrl.org/int/dim/arcrole/domain-member" xlink:from="DocumentEntityInformationREITLineItems" xlink:to="OtherSubmitterInformationREITAbstract" xlink:type="arc"/><loc xlink:href="http://www.xbrl.tdnet.info/taxonomy/jp/tse/tdnet/re/t/2014-01-12/tse-re-t-2014-01-12.xsd#tse-re-t_DistributionsPayableDateAsPlannedREIT" xlink:label="DistributionsPayableDateAsPlannedREIT" xlink:type="locator"/><definitionArc order="2.0" priority="0" xlink:arcrole="http://xbrl.org/int/dim/arcrole/domain-member" xlink:from="OtherSubmitterInformationREITAbstract" xlink:to="DistributionsPayableDateAsPlannedREIT" xlink:type="arc"/><loc xlink:href="http://www.xbrl.tdnet.info/taxonomy/jp/tse/tdnet/re/t/2014-01-12/tse-re-t-2014-01-12.xsd#tse-re-t_SecuritiesReportFilingDateAsPlannedREIT" xlink:label="SecuritiesReportFilingDateAsPlannedREIT" xlink:type="locator"/><definitionArc order="1.0" priority="0" xlink:arcrole="http://xbrl.org/int/dim/arcrole/domain-member" xlink:from="OtherSubmitterInformationREITAbstract" xlink:to="SecuritiesReportFilingDateAsPlannedREIT" xlink:type="arc"/><loc xlink:href="http://www.xbrl.tdnet.info/taxonomy/jp/tse/tdnet/re/t/2014-01-12/tse-re-t-2014-01-12.xsd#tse-re-t_SupplementalMaterialOfResultsREIT" xlink:label="SupplementalMaterialOfResultsREIT" xlink:type="locator"/><definitionArc order="14.0" priority="0" xlink:arcrole="http://xbrl.org/int/dim/arcrole/domain-member" xlink:from="DocumentEntityInformationREITLineItems" xlink:to="SupplementalMaterialOfResultsREIT" xlink:type="arc"/><loc xlink:href="http://www.xbrl.tdnet.info/taxonomy/jp/tse/tdnet/re/t/2014-01-12/tse-re-t-2014-01-12.xsd#tse-re-t_WayOfGettingSupplementalMaterialOfResultsREIT" xlink:label="WayOfGettingSupplementalMaterialOfResultsREIT" xlink:type="locator"/><definitionArc order="15.0" priority="0" xlink:arcrole="http://xbrl.org/int/dim/arcrole/domain-member" xlink:from="DocumentEntityInformationREITLineItems" xlink:to="WayOfGettingSupplementalMaterialOfResultsREIT" xlink:type="arc"/><loc xlink:href="http://www.xbrl.tdnet.info/taxonomy/jp/tse/tdnet/re/t/2014-01-12/tse-re-t-2014-01-12.xsd#tse-re-t_ConveningBriefingOfResultsREIT" xlink:label="ConveningBriefingOfResultsREIT" xlink:type="locator"/><definitionArc order="16.0" priority="0" xlink:arcrole="http://xbrl.org/int/dim/arcrole/domain-member" xlink:from="DocumentEntityInformationREITLineItems" xlink:to="ConveningBriefingOfResultsREIT" xlink:type="arc"/><loc xlink:href="http://www.xbrl.tdnet.info/taxonomy/jp/tse/tdnet/re/t/2014-01-12/tse-re-t-2014-01-12.xsd#tse-re-t_TargetAudienceBriefingOfResultsREIT" xlink:label="TargetAudienceBriefingOfResultsREIT" xlink:type="locator"/><definitionArc order="17.0" priority="0" xlink:arcrole="http://xbrl.org/int/dim/arcrole/domain-member" xlink:from="DocumentEntityInformationREITLineItems" xlink:to="TargetAudienceBriefingOfResultsREIT" xlink:type="arc"/><loc xlink:href="http://www.xbrl.tdnet.info/taxonomy/jp/tse/tdnet/re/t/2014-01-12/tse-re-t-2014-01-12.xsd#tse-re-t_NoteToFractionProcessingMethod" xlink:label="NoteToFractionProcessingMethod" xlink:type="locator"/><definitionArc order="18.0" priority="0" xlink:arcrole="http://xbrl.org/int/dim/arcrole/domain-member" xlink:from="DocumentEntityInformationREITLineItems" xlink:to="NoteToFractionProcessingMethod" xlink:type="arc"/><loc xlink:href="http://www.xbrl.tdnet.info/taxonomy/jp/tse/tdnet/re/t/2014-01-12/tse-re-t-2014-01-12.xsd#tse-re-t_FilingDate" xlink:label="FilingDate" xlink:type="locator"/><definitionArc order="2.0" priority="0" xlink:arcrole="http://xbrl.org/int/dim/arcrole/domain-member" xlink:from="DocumentEntityInformationREITLineItems" xlink:to="FilingDate" xlink:type="arc"/><loc xlink:href="http://www.xbrl.tdnet.info/taxonomy/jp/tse/tdnet/re/t/2014-01-12/tse-re-t-2014-01-12.xsd#tse-re-t_URL" xlink:label="URL" xlink:type="locator"/><definitionArc order="6.0" priority="0" xlink:arcrole="http://xbrl.org/int/dim/arcrole/domain-member" xlink:from="DocumentEntityInformationREITLineItems" xlink:to="URL" xlink:type="arc"/></definitionLink><definitionLink xlink:role="http://www.xbrl.tdnet.info/jp/tse/tdnet/role/RoleBusinessResultsOperatingResultsREIT" xlink:type="extended"><loc xlink:href="http://www.xbrl.tdnet.info/taxonomy/jp/tse/tdnet/re/t/2014-01-12/tse-re-t-2014-01-12.xsd#tse-re-t_BusinessResultsOperatingResultsREITHeading" xlink:label="BusinessResultsOperatingResultsREITHeading" xlink:type="locator"/><loc xlink:href="http://www.xbrl.tdnet.info/taxonomy/jp/tse/tdnet/re/t/2014-01-12/tse-re-t-2014-01-12.xsd#tse-re-t_BusinessResultsOperatingResultsREITTable" xlink:label="BusinessResultsOperatingResultsREITTable" xlink:type="locator"/><definitionArc order="1.0" priority="0" xbrldt:closed="true" xbrldt:contextElement="scenario" xlink:arcrole="http://xbrl.org/int/dim/arcrole/all" xlink:from="BusinessResultsOperatingResultsREITHeading" xlink:to="BusinessResultsOperatingResultsREITTable" xlink:type="arc"/><loc xlink:href="http://www.xbrl.tdnet.info/taxonomy/jp/tse/tdnet/re/t/2014-01-12/tse-re-t-2014-01-12.xsd#tse-re-t_ConsolidatedNonconsolidatedAxis" xlink:label="ConsolidatedNonconsolidatedAxis" xlink:type="locator"/><definitionArc order="1.0" priority="0" xlink:arcrole="http://xbrl.org/int/dim/arcrole/hypercube-dimension" xlink:from="BusinessResultsOperatingResultsREITTable" xlink:to="ConsolidatedNonconsolidatedAxis" xlink:type="arc"/><loc xlink:href="http://www.xbrl.tdnet.info/taxonomy/jp/tse/tdnet/re/t/2014-01-12/tse-re-t-2014-01-12.xsd#tse-re-t_NonConsolidatedMember" xlink:label="NonConsolidatedMember" xlink:type="locator"/><definitionArc order="1.0" priority="0" xlink:arcrole="http://xbrl.org/int/dim/arcrole/dimension-domain" xlink:from="ConsolidatedNonconsolidatedAxis" xlink:to="NonConsolidatedMember" xlink:type="arc"/><loc xlink:href="http://www.xbrl.tdnet.info/taxonomy/jp/tse/tdnet/re/t/2014-01-12/tse-re-t-2014-01-12.xsd#tse-re-t_ResultForecastAxis" xlink:label="ResultForecastAxis" xlink:type="locator"/><definitionArc order="2.0" priority="0" xlink:arcrole="http://xbrl.org/int/dim/arcrole/hypercube-dimension" xlink:from="BusinessResultsOperatingResultsREITTable" xlink:to="ResultForecastAxis" xlink:type="arc"/><loc xlink:href="http://www.xbrl.tdnet.info/taxonomy/jp/tse/tdnet/re/t/2014-01-12/tse-re-t-2014-01-12.xsd#tse-re-t_ResultMember" xlink:label="ResultMember" xlink:type="locator"/><definitionArc order="1.0" priority="0" xlink:arcrole="http://xbrl.org/int/dim/arcrole/dimension-domain" xlink:from="ResultForecastAxis" xlink:to="ResultMember" xlink:type="arc"/><loc xlink:href="http://www.xbrl.tdnet.info/taxonomy/jp/tse/tdnet/re/t/2014-01-12/tse-re-t-2014-01-12.xsd#tse-re-t_BusinessResultsOperatingResultsREITLineItems" xlink:label="BusinessResultsOperatingResultsREITLineItems" xlink:type="locator"/><definitionArc order="2.0" priority="0" xlink:arcrole="http://xbrl.org/int/dim/arcrole/domain-member" xlink:from="BusinessResultsOperatingResultsREITHeading" xlink:to="BusinessResultsOperatingResultsREITLineItems" xlink:type="arc"/><loc xlink:href="http://www.xbrl.tdnet.info/taxonomy/jp/tse/tdnet/re/t/2014-01-12/tse-re-t-2014-01-12.xsd#tse-re-t_OperatingResultsREITAbstract" xlink:label="OperatingResultsREITAbstract" xlink:type="locator"/><definitionArc order="1.0" priority="0" xlink:arcrole="http://xbrl.org/int/dim/arcrole/domain-member" xlink:from="BusinessResultsOperatingResultsREITLineItems" xlink:to="OperatingResultsREITAbstract" xlink:type="arc"/><loc xlink:href="http://www.xbrl.tdnet.info/taxonomy/jp/tse/tdnet/re/t/2014-01-12/tse-re-t-2014-01-12.xsd#tse-re-t_IncomeStatementsInformationAbstract" xlink:label="IncomeStatementsInformationAbstract" xlink:type="locator"/><definitionArc order="1.0" priority="0" xlink:arcrole="http://xbrl.org/int/dim/arcrole/domain-member" xlink:from="OperatingResultsREITAbstract" xlink:to="IncomeStatementsInformationAbstract" xlink:type="arc"/><loc xlink:href="http://www.xbrl.tdnet.info/taxonomy/jp/tse/tdnet/re/t/2014-01-12/tse-re-t-2014-01-12.xsd#tse-re-t_OperatingRevenuesREITAbstract" xlink:label="OperatingRevenuesREITAbstract" xlink:type="locator"/><definitionArc order="1.0" priority="0" xlink:arcrole="http://xbrl.org/int/dim/arcrole/domain-member" xlink:from="IncomeStatementsInformationAbstract" xlink:to="OperatingRevenuesREITAbstract" xlink:type="arc"/><loc xlink:href="http://www.xbrl.tdnet.info/taxonomy/jp/tse/tdnet/re/t/2014-01-12/tse-re-t-2014-01-12.xsd#tse-re-t_OperatingRevenuesREIT" xlink:label="OperatingRevenuesREIT" xlink:type="locator"/><definitionArc order="1.0" priority="0" xlink:arcrole="http://xbrl.org/int/dim/arcrole/domain-member" xlink:from="OperatingRevenuesREITAbstract" xlink:to="OperatingRevenuesREIT" xlink:type="arc"/><loc xlink:href="http://www.xbrl.tdnet.info/taxonomy/jp/tse/tdnet/re/t/2014-01-12/tse-re-t-2014-01-12.xsd#tse-re-t_ChangeInOperatingRevenuesREIT" xlink:label="ChangeInOperatingRevenuesREIT" xlink:type="locator"/><definitionArc order="2.0" priority="0" xlink:arcrole="http://xbrl.org/int/dim/arcrole/domain-member" xlink:from="OperatingRevenuesREITAbstract" xlink:to="ChangeInOperatingRevenuesREIT" xlink:type="arc"/><loc xlink:href="http://www.xbrl.tdnet.info/taxonomy/jp/tse/tdnet/re/t/2014-01-12/tse-re-t-2014-01-12.xsd#tse-re-t_OperatingIncomeAbstract" xlink:label="OperatingIncomeAbstract" xlink:type="locator"/><definitionArc order="2.0" priority="0" xlink:arcrole="http://xbrl.org/int/dim/arcrole/domain-member" xlink:from="IncomeStatementsInformationAbstract" xlink:to="OperatingIncomeAbstract" xlink:type="arc"/><loc xlink:href="http://www.xbrl.tdnet.info/taxonomy/jp/tse/tdnet/re/t/2014-01-12/tse-re-t-2014-01-12.xsd#tse-re-t_OperatingIncome" xlink:label="OperatingIncome" xlink:type="locator"/><definitionArc order="1.0" priority="0" xlink:arcrole="http://xbrl.org/int/dim/arcrole/domain-member" xlink:from="OperatingIncomeAbstract" xlink:to="OperatingIncome" xlink:type="arc"/><loc xlink:href="http://www.xbrl.tdnet.info/taxonomy/jp/tse/tdnet/re/t/2014-01-12/tse-re-t-2014-01-12.xsd#tse-re-t_ChangeInOperatingIncome" xlink:label="ChangeInOperatingIncome" xlink:type="locator"/><definitionArc order="2.0" priority="0" xlink:arcrole="http://xbrl.org/int/dim/arcrole/domain-member" xlink:from="OperatingIncomeAbstract" xlink:to="ChangeInOperatingIncome" xlink:type="arc"/><loc xlink:href="http://www.xbrl.tdnet.info/taxonomy/jp/tse/tdnet/re/t/2014-01-12/tse-re-t-2014-01-12.xsd#tse-re-t_OrdinaryIncomeAbstract" xlink:label="OrdinaryIncomeAbstract" xlink:type="locator"/><definitionArc order="3.0" priority="0" xlink:arcrole="http://xbrl.org/int/dim/arcrole/domain-member" xlink:from="IncomeStatementsInformationAbstract" xlink:to="OrdinaryIncomeAbstract" xlink:type="arc"/><loc xlink:href="http://www.xbrl.tdnet.info/taxonomy/jp/tse/tdnet/re/t/2014-01-12/tse-re-t-2014-01-12.xsd#tse-re-t_OrdinaryIncome" xlink:label="OrdinaryIncome" xlink:type="locator"/><definitionArc order="1.0" priority="0" xlink:arcrole="http://xbrl.org/int/dim/arcrole/domain-member" xlink:from="OrdinaryIncomeAbstract" xlink:to="OrdinaryIncome" xlink:type="arc"/><loc xlink:href="http://www.xbrl.tdnet.info/taxonomy/jp/tse/tdnet/re/t/2014-01-12/tse-re-t-2014-01-12.xsd#tse-re-t_ChangeInOrdinaryIncome" xlink:label="ChangeInOrdinaryIncome" xlink:type="locator"/><definitionArc order="2.0" priority="0" xlink:arcrole="http://xbrl.org/int/dim/arcrole/domain-member" xlink:from="OrdinaryIncomeAbstract" xlink:to="ChangeInOrdinaryIncome" xlink:type="arc"/><loc xlink:href="http://www.xbrl.tdnet.info/taxonomy/jp/tse/tdnet/re/t/2014-01-12/tse-re-t-2014-01-12.xsd#tse-re-t_NetIncomeAbstract" xlink:label="NetIncomeAbstract" xlink:type="locator"/><definitionArc order="4.0" priority="0" xlink:arcrole="http://xbrl.org/int/dim/arcrole/domain-member" xlink:from="IncomeStatementsInformationAbstract" xlink:to="NetIncomeAbstract" xlink:type="arc"/><loc xlink:href="http://www.xbrl.tdnet.info/taxonomy/jp/tse/tdnet/re/t/2014-01-12/tse-re-t-2014-01-12.xsd#tse-re-t_NetIncome" xlink:label="NetIncome" xlink:type="locator"/><definitionArc order="1.0" priority="0" xlink:arcrole="http://xbrl.org/int/dim/arcrole/domain-member" xlink:from="NetIncomeAbstract" xlink:to="NetIncome" xlink:type="arc"/><loc xlink:href="http://www.xbrl.tdnet.info/taxonomy/jp/tse/tdnet/re/t/2014-01-12/tse-re-t-2014-01-12.xsd#tse-re-t_ChangeInNetIncome" xlink:label="ChangeInNetIncome" xlink:type="locator"/><definitionArc order="2.0" priority="0" xlink:arcrole="http://xbrl.org/int/dim/arcrole/domain-member" xlink:from="NetIncomeAbstract" xlink:to="ChangeInNetIncome" xlink:type="arc"/><loc xlink:href="http://www.xbrl.tdnet.info/taxonomy/jp/tse/tdnet/re/t/2014-01-12/tse-re-t-2014-01-12.xsd#tse-re-t_OtherOperatingResultsREITAbstract" xlink:label="OtherOperatingResultsREITAbstract" xlink:type="locator"/><definitionArc order="2.0" priority="0" xlink:arcrole="http://xbrl.org/int/dim/arcrole/domain-member" xlink:from="OperatingResultsREITAbstract" xlink:to="OtherOperatingResultsREITAbstract" xlink:type="arc"/><loc xlink:href="http://www.xbrl.tdnet.info/taxonomy/jp/tse/tdnet/re/t/2014-01-12/tse-re-t-2014-01-12.xsd#tse-re-t_NetIncomePerUnitREIT" xlink:label="NetIncomePerUnitREIT" xlink:type="locator"/><definitionArc order="1.0" priority="0" xlink:arcrole="http://xbrl.org/int/dim/arcrole/domain-member" xlink:from="OtherOperatingResultsREITAbstract" xlink:to="NetIncomePerUnitREIT" xlink:type="arc"/><loc xlink:href="http://www.xbrl.tdnet.info/taxonomy/jp/tse/tdnet/re/t/2014-01-12/tse-re-t-2014-01-12.xsd#tse-re-t_NetIncomeToUnitholdersEquityRatioREIT" xlink:label="NetIncomeToUnitholdersEquityRatioREIT" xlink:type="locator"/><definitionArc order="2.0" priority="0" xlink:arcrole="http://xbrl.org/int/dim/arcrole/domain-member" xlink:from="OtherOperatingResultsREITAbstract" xlink:to="NetIncomeToUnitholdersEquityRatioREIT" xlink:type="arc"/><loc xlink:href="http://www.xbrl.tdnet.info/taxonomy/jp/tse/tdnet/re/t/2014-01-12/tse-re-t-2014-01-12.xsd#tse-re-t_OrdinaryIncomeToTotalAssetsRatio" xlink:label="OrdinaryIncomeToTotalAssetsRatio" xlink:type="locator"/><definitionArc order="3.0" priority="0" xlink:arcrole="http://xbrl.org/int/dim/arcrole/domain-member" xlink:from="OtherOperatingResultsREITAbstract" xlink:to="OrdinaryIncomeToTotalAssetsRatio" xlink:type="arc"/><loc xlink:href="http://www.xbrl.tdnet.info/taxonomy/jp/tse/tdnet/re/t/2014-01-12/tse-re-t-2014-01-12.xsd#tse-re-t_OrdinaryIncomeToOperatingRevenuesRatioREIT" xlink:label="OrdinaryIncomeToOperatingRevenuesRatioREIT" xlink:type="locator"/><definitionArc order="4.0" priority="0" xlink:arcrole="http://xbrl.org/int/dim/arcrole/domain-member" xlink:from="OtherOperatingResultsREITAbstract" xlink:to="OrdinaryIncomeToOperatingRevenuesRatioREIT" xlink:type="arc"/><loc xlink:href="http://www.xbrl.tdnet.info/taxonomy/jp/tse/tdnet/re/t/2014-01-12/tse-re-t-2014-01-12.xsd#tse-re-t_NoteToOperatingResultsREITAbstract" xlink:label="NoteToOperatingResultsREITAbstract" xlink:type="locator"/><definitionArc order="3.0" priority="0" xlink:arcrole="http://xbrl.org/int/dim/arcrole/domain-member" xlink:from="OperatingResultsREITAbstract" xlink:to="NoteToOperatingResultsREITAbstract" xlink:type="arc"/><loc xlink:href="http://www.xbrl.tdnet.info/taxonomy/jp/tse/tdnet/re/t/2014-01-12/tse-re-t-2014-01-12.xsd#tse-re-t_NoteToOperatingResultsREIT" xlink:label="NoteToOperatingResultsREIT" xlink:type="locator"/><definitionArc order="1.0" priority="0" xlink:arcrole="http://xbrl.org/int/dim/arcrole/domain-member" xlink:from="NoteToOperatingResultsREITAbstract" xlink:to="NoteToOperatingResultsREIT" xlink:type="arc"/></definitionLink><definitionLink xlink:role="http://www.xbrl.tdnet.info/jp/tse/tdnet/role/RoleBusinessResultsFinancialPositionsREIT" xlink:type="extended"><loc xlink:href="http://www.xbrl.tdnet.info/taxonomy/jp/tse/tdnet/re/t/2014-01-12/tse-re-t-2014-01-12.xsd#tse-re-t_ConsolidatedNonconsolidatedAxis" xlink:label="ConsolidatedNonconsolidatedAxis" xlink:type="locator"/><loc xlink:href="http://www.xbrl.tdnet.info/taxonomy/jp/tse/tdnet/re/t/2014-01-12/tse-re-t-2014-01-12.xsd#tse-re-t_NonConsolidatedMember" xlink:label="NonConsolidatedMember" xlink:type="locator"/><definitionArc order="1.0" priority="0" xlink:arcrole="http://xbrl.org/int/dim/arcrole/dimension-domain" xlink:from="ConsolidatedNonconsolidatedAxis" xlink:to="NonConsolidatedMember" xlink:type="arc"/><loc xlink:href="http://www.xbrl.tdnet.info/taxonomy/jp/tse/tdnet/re/t/2014-01-12/tse-re-t-2014-01-12.xsd#tse-re-t_ResultForecastAxis" xlink:label="ResultForecastAxis" xlink:type="locator"/><loc xlink:href="http://www.xbrl.tdnet.info/taxonomy/jp/tse/tdnet/re/t/2014-01-12/tse-re-t-2014-01-12.xsd#tse-re-t_ResultMember" xlink:label="ResultMember" xlink:type="locator"/><definitionArc order="1.0" priority="0" xlink:arcrole="http://xbrl.org/int/dim/arcrole/dimension-domain" xlink:from="ResultForecastAxis" xlink:to="ResultMember" xlink:type="arc"/><loc xlink:href="http://www.xbrl.tdnet.info/taxonomy/jp/tse/tdnet/re/t/2014-01-12/tse-re-t-2014-01-12.xsd#tse-re-t_BusinessResultsFinancialPositionsREITHeading" xlink:label="BusinessResultsFinancialPositionsREITHeading" xlink:type="locator"/><loc xlink:href="http://www.xbrl.tdnet.info/taxonomy/jp/tse/tdnet/re/t/2014-01-12/tse-re-t-2014-01-12.xsd#tse-re-t_BusinessResultsFinancialPositionsREITTable" xlink:label="BusinessResultsFinancialPositionsREITTable" xlink:type="locator"/><definitionArc order="1.0" priority="0" xbrldt:closed="true" xbrldt:contextElement="scenario" xlink:arcrole="http://xbrl.org/int/dim/arcrole/all" xlink:from="BusinessResultsFinancialPositionsREITHeading" xlink:to="BusinessResultsFinancialPositionsREITTable" xlink:type="arc"/><definitionArc order="1.0" priority="0" xlink:arcrole="http://xbrl.org/int/dim/arcrole/hypercube-dimension" xlink:from="BusinessResultsFinancialPositionsREITTable" xlink:to="ConsolidatedNonconsolidatedAxis" xlink:type="arc"/><definitionArc order="2.0" priority="0" xlink:arcrole="http://xbrl.org/int/dim/arcrole/hypercube-dimension" xlink:from="BusinessResultsFinancialPositionsREITTable" xlink:to="ResultForecastAxis" xlink:type="arc"/><loc xlink:href="http://www.xbrl.tdnet.info/taxonomy/jp/tse/tdnet/re/t/2014-01-12/tse-re-t-2014-01-12.xsd#tse-re-t_BusinessResultsFinancialPositionsREITLineItems" xlink:label="BusinessResultsFinancialPositionsREITLineItems" xlink:type="locator"/><definitionArc order="2.0" priority="0" xlink:arcrole="http://xbrl.org/int/dim/arcrole/domain-member" xlink:from="BusinessResultsFinancialPositionsREITHeading" xlink:to="BusinessResultsFinancialPositionsREITLineItems" xlink:type="arc"/><loc xlink:href="http://www.xbrl.tdnet.info/taxonomy/jp/tse/tdnet/re/t/2014-01-12/tse-re-t-2014-01-12.xsd#tse-re-t_FinancialPositionsAbstract" xlink:label="FinancialPositionsAbstract" xlink:type="locator"/><definitionArc order="1.0" priority="0" xlink:arcrole="http://xbrl.org/int/dim/arcrole/domain-member" xlink:from="BusinessResultsFinancialPositionsREITLineItems" xlink:to="FinancialPositionsAbstract" xlink:type="arc"/><loc xlink:href="http://www.xbrl.tdnet.info/taxonomy/jp/tse/tdnet/re/t/2014-01-12/tse-re-t-2014-01-12.xsd#tse-re-t_TotalAssets" xlink:label="TotalAssets" xlink:type="locator"/><definitionArc order="1.0" priority="0" xlink:arcrole="http://xbrl.org/int/dim/arcrole/domain-member" xlink:from="FinancialPositionsAbstract" xlink:to="TotalAssets" xlink:type="arc"/><loc xlink:href="http://www.xbrl.tdnet.info/taxonomy/jp/tse/tdnet/re/t/2014-01-12/tse-re-t-2014-01-12.xsd#tse-re-t_NetAssets" xlink:label="NetAssets" xlink:type="locator"/><definitionArc order="2.0" priority="0" xlink:arcrole="http://xbrl.org/int/dim/arcrole/domain-member" xlink:from="FinancialPositionsAbstract" xlink:to="NetAssets" xlink:type="arc"/><loc xlink:href="http://www.xbrl.tdnet.info/taxonomy/jp/tse/tdnet/re/t/2014-01-12/tse-re-t-2014-01-12.xsd#tse-re-t_CapitalAdequacyRatio" xlink:label="CapitalAdequacyRatio" xlink:type="locator"/><definitionArc order="3.0" priority="0" xlink:arcrole="http://xbrl.org/int/dim/arcrole/domain-member" xlink:from="FinancialPositionsAbstract" xlink:to="CapitalAdequacyRatio" xlink:type="arc"/><loc xlink:href="http://www.xbrl.tdnet.info/taxonomy/jp/tse/tdnet/re/t/2014-01-12/tse-re-t-2014-01-12.xsd#tse-re-t_NetAssetsPerUnitREIT" xlink:label="NetAssetsPerUnitREIT" xlink:type="locator"/><definitionArc order="4.0" priority="0" xlink:arcrole="http://xbrl.org/int/dim/arcrole/domain-member" xlink:from="FinancialPositionsAbstract" xlink:to="NetAssetsPerUnitREIT" xlink:type="arc"/><loc xlink:href="http://www.xbrl.tdnet.info/taxonomy/jp/tse/tdnet/re/t/2014-01-12/tse-re-t-2014-01-12.xsd#tse-re-t_NoteToFinancialPositionsAbstract" xlink:label="NoteToFinancialPositionsAbstract" xlink:type="locator"/><definitionArc order="2.0" priority="0" xlink:arcrole="http://xbrl.org/int/dim/arcrole/domain-member" xlink:from="BusinessResultsFinancialPositionsREITLineItems" xlink:to="NoteToFinancialPositionsAbstract" xlink:type="arc"/><loc xlink:href="http://www.xbrl.tdnet.info/taxonomy/jp/tse/tdnet/re/t/2014-01-12/tse-re-t-2014-01-12.xsd#tse-re-t_NoteToFinancialPositions" xlink:label="NoteToFinancialPositions" xlink:type="locator"/><definitionArc order="1.0" priority="0" xlink:arcrole="http://xbrl.org/int/dim/arcrole/domain-member" xlink:from="NoteToFinancialPositionsAbstract" xlink:to="NoteToFinancialPositions" xlink:type="arc"/></definitionLink><definitionLink xlink:role="http://www.xbrl.tdnet.info/jp/tse/tdnet/role/RoleBusinessResultsCashFlowsREIT" xlink:type="extended"><loc xlink:href="http://www.xbrl.tdnet.info/taxonomy/jp/tse/tdnet/re/t/2014-01-12/tse-re-t-2014-01-12.xsd#tse-re-t_ConsolidatedNonconsolidatedAxis" xlink:label="ConsolidatedNonconsolidatedAxis" xlink:type="locator"/><loc xlink:href="http://www.xbrl.tdnet.info/taxonomy/jp/tse/tdnet/re/t/2014-01-12/tse-re-t-2014-01-12.xsd#tse-re-t_NonConsolidatedMember" xlink:label="NonConsolidatedMember" xlink:type="locator"/><definitionArc order="1.0" priority="0" xlink:arcrole="http://xbrl.org/int/dim/arcrole/dimension-domain" xlink:from="ConsolidatedNonconsolidatedAxis" xlink:to="NonConsolidatedMember" xlink:type="arc"/><loc xlink:href="http://www.xbrl.tdnet.info/taxonomy/jp/tse/tdnet/re/t/2014-01-12/tse-re-t-2014-01-12.xsd#tse-re-t_ResultForecastAxis" xlink:label="ResultForecastAxis" xlink:type="locator"/><loc xlink:href="http://www.xbrl.tdnet.info/taxonomy/jp/tse/tdnet/re/t/2014-01-12/tse-re-t-2014-01-12.xsd#tse-re-t_ResultMember" xlink:label="ResultMember" xlink:type="locator"/><definitionArc order="1.0" priority="0" xlink:arcrole="http://xbrl.org/int/dim/arcrole/dimension-domain" xlink:from="ResultForecastAxis" xlink:to="ResultMember" xlink:type="arc"/><loc xlink:href="http://www.xbrl.tdnet.info/taxonomy/jp/tse/tdnet/re/t/2014-01-12/tse-re-t-2014-01-12.xsd#tse-re-t_BusinessResultsCashFlowsREITHeading" xlink:label="BusinessResultsCashFlowsREITHeading" xlink:type="locator"/><loc xlink:href="http://www.xbrl.tdnet.info/taxonomy/jp/tse/tdnet/re/t/2014-01-12/tse-re-t-2014-01-12.xsd#tse-re-t_BusinessResultsCashFlowsREITTable" xlink:label="BusinessResultsCashFlowsREITTable" xlink:type="locator"/><definitionArc order="1.0" priority="0" xbrldt:closed="true" xbrldt:contextElement="scenario" xlink:arcrole="http://xbrl.org/int/dim/arcrole/all" xlink:from="BusinessResultsCashFlowsREITHeading" xlink:to="BusinessResultsCashFlowsREITTable" xlink:type="arc"/><definitionArc order="1.0" priority="0" xlink:arcrole="http://xbrl.org/int/dim/arcrole/hypercube-dimension" xlink:from="BusinessResultsCashFlowsREITTable" xlink:to="ConsolidatedNonconsolidatedAxis" xlink:type="arc"/><definitionArc order="2.0" priority="0" xlink:arcrole="http://xbrl.org/int/dim/arcrole/hypercube-dimension" xlink:from="BusinessResultsCashFlowsREITTable" xlink:to="ResultForecastAxis" xlink:type="arc"/><loc xlink:href="http://www.xbrl.tdnet.info/taxonomy/jp/tse/tdnet/re/t/2014-01-12/tse-re-t-2014-01-12.xsd#tse-re-t_BusinessResultsCashFlowsREITLineItems" xlink:label="BusinessResultsCashFlowsREITLineItems" xlink:type="locator"/><definitionArc order="2.0" priority="0" xlink:arcrole="http://xbrl.org/int/dim/arcrole/domain-member" xlink:from="BusinessResultsCashFlowsREITHeading" xlink:to="BusinessResultsCashFlowsREITLineItems" xlink:type="arc"/><loc xlink:href="http://www.xbrl.tdnet.info/taxonomy/jp/tse/tdnet/re/t/2014-01-12/tse-re-t-2014-01-12.xsd#tse-re-t_CashFlowsAbstract" xlink:label="CashFlowsAbstract" xlink:type="locator"/><definitionArc order="1.0" priority="0" xlink:arcrole="http://xbrl.org/int/dim/arcrole/domain-member" xlink:from="BusinessResultsCashFlowsREITLineItems" xlink:to="CashFlowsAbstract" xlink:type="arc"/><loc xlink:href="http://www.xbrl.tdnet.info/taxonomy/jp/tse/tdnet/re/t/2014-01-12/tse-re-t-2014-01-12.xsd#tse-re-t_CashFlowsFromOperatingActivities" xlink:label="CashFlowsFromOperatingActivities" xlink:type="locator"/><definitionArc order="1.0" priority="0" xlink:arcrole="http://xbrl.org/int/dim/arcrole/domain-member" xlink:from="CashFlowsAbstract" xlink:to="CashFlowsFromOperatingActivities" xlink:type="arc"/><loc xlink:href="http://www.xbrl.tdnet.info/taxonomy/jp/tse/tdnet/re/t/2014-01-12/tse-re-t-2014-01-12.xsd#tse-re-t_CashFlowsFromInvestingActivities" xlink:label="CashFlowsFromInvestingActivities" xlink:type="locator"/><definitionArc order="2.0" priority="0" xlink:arcrole="http://xbrl.org/int/dim/arcrole/domain-member" xlink:from="CashFlowsAbstract" xlink:to="CashFlowsFromInvestingActivities" xlink:type="arc"/><loc xlink:href="http://www.xbrl.tdnet.info/taxonomy/jp/tse/tdnet/re/t/2014-01-12/tse-re-t-2014-01-12.xsd#tse-re-t_CashFlowsFromFinancingActivities" xlink:label="CashFlowsFromFinancingActivities" xlink:type="locator"/><definitionArc order="3.0" priority="0" xlink:arcrole="http://xbrl.org/int/dim/arcrole/domain-member" xlink:from="CashFlowsAbstract" xlink:to="CashFlowsFromFinancingActivities" xlink:type="arc"/><loc xlink:href="http://www.xbrl.tdnet.info/taxonomy/jp/tse/tdnet/re/t/2014-01-12/tse-re-t-2014-01-12.xsd#tse-re-t_CashAndEquivalentsEndOfPeriod" xlink:label="CashAndEquivalentsEndOfPeriod" xlink:type="locator"/><definitionArc order="4.0" priority="0" xlink:arcrole="http://xbrl.org/int/dim/arcrole/domain-member" xlink:from="CashFlowsAbstract" xlink:to="CashAndEquivalentsEndOfPeriod" xlink:type="arc"/><loc xlink:href="http://www.xbrl.tdnet.info/taxonomy/jp/tse/tdnet/re/t/2014-01-12/tse-re-t-2014-01-12.xsd#tse-re-t_NoteToCashFlowsAbstract" xlink:label="NoteToCashFlowsAbstract" xlink:type="locator"/><definitionArc order="2.0" priority="0" xlink:arcrole="http://xbrl.org/int/dim/arcrole/domain-member" xlink:from="BusinessResultsCashFlowsREITLineItems" xlink:to="NoteToCashFlowsAbstract" xlink:type="arc"/><loc xlink:href="http://www.xbrl.tdnet.info/taxonomy/jp/tse/tdnet/re/t/2014-01-12/tse-re-t-2014-01-12.xsd#tse-re-t_NoteToCashFlows" xlink:label="NoteToCashFlows" xlink:type="locator"/><definitionArc order="1.0" priority="0" xlink:arcrole="http://xbrl.org/int/dim/arcrole/domain-member" xlink:from="NoteToCashFlowsAbstract" xlink:to="NoteToCashFlows" xlink:type="arc"/></definitionLink><definitionLink xlink:role="http://www.xbrl.tdnet.info/jp/tse/tdnet/role/RoleBusinessResultsDistributionsREIT" xlink:type="extended"><loc xlink:href="http://www.xbrl.tdnet.info/taxonomy/jp/tse/tdnet/re/t/2014-01-12/tse-re-t-2014-01-12.xsd#tse-re-t_ConsolidatedNonconsolidatedAxis" xlink:label="ConsolidatedNonconsolidatedAxis" xlink:type="locator"/><loc xlink:href="http://www.xbrl.tdnet.info/taxonomy/jp/tse/tdnet/re/t/2014-01-12/tse-re-t-2014-01-12.xsd#tse-re-t_NonConsolidatedMember" xlink:label="NonConsolidatedMember" xlink:type="locator"/><definitionArc order="1.0" priority="0" xlink:arcrole="http://xbrl.org/int/dim/arcrole/dimension-domain" xlink:from="ConsolidatedNonconsolidatedAxis" xlink:to="NonConsolidatedMember" xlink:type="arc"/><loc xlink:href="http://www.xbrl.tdnet.info/taxonomy/jp/tse/tdnet/re/t/2014-01-12/tse-re-t-2014-01-12.xsd#tse-re-t_ResultForecastAxis" xlink:label="ResultForecastAxis" xlink:type="locator"/><loc xlink:href="http://www.xbrl.tdnet.info/taxonomy/jp/tse/tdnet/re/t/2014-01-12/tse-re-t-2014-01-12.xsd#tse-re-t_ResultMember" xlink:label="ResultMember" xlink:type="locator"/><definitionArc order="1.0" priority="0" xlink:arcrole="http://xbrl.org/int/dim/arcrole/dimension-domain" xlink:from="ResultForecastAxis" xlink:to="ResultMember" xlink:type="arc"/><loc xlink:href="http://www.xbrl.tdnet.info/taxonomy/jp/tse/tdnet/re/t/2014-01-12/tse-re-t-2014-01-12.xsd#tse-re-t_BusinessResultsDistributionsREITHeading" xlink:label="BusinessResultsDistributionsREITHeading" xlink:type="locator"/><loc xlink:href="http://www.xbrl.tdnet.info/taxonomy/jp/tse/tdnet/re/t/2014-01-12/tse-re-t-2014-01-12.xsd#tse-re-t_BusinessResultsDistributionsREITTable" xlink:label="BusinessResultsDistributionsREITTable" xlink:type="locator"/><definitionArc order="1.0" priority="0" xbrldt:closed="true" xbrldt:contextElement="scenario" xlink:arcrole="http://xbrl.org/int/dim/arcrole/all" xlink:from="BusinessResultsDistributionsREITHeading" xlink:to="BusinessResultsDistributionsREITTable" xlink:type="arc"/><definitionArc order="1.0" priority="0" xlink:arcrole="http://xbrl.org/int/dim/arcrole/hypercube-dimension" xlink:from="BusinessResultsDistributionsREITTable" xlink:to="ConsolidatedNonconsolidatedAxis" xlink:type="arc"/><definitionArc order="2.0" priority="0" xlink:arcrole="http://xbrl.org/int/dim/arcrole/hypercube-dimension" xlink:from="BusinessResultsDistributionsREITTable" xlink:to="ResultForecastAxis" xlink:type="arc"/><loc xlink:href="http://www.xbrl.tdnet.info/taxonomy/jp/tse/tdnet/re/t/2014-01-12/tse-re-t-2014-01-12.xsd#tse-re-t_BusinessResultsDistributionsREITLineItems" xlink:label="BusinessResultsDistributionsREITLineItems" xlink:type="locator"/><definitionArc order="2.0" priority="0" xlink:arcrole="http://xbrl.org/int/dim/arcrole/domain-member" xlink:from="BusinessResultsDistributionsREITHeading" xlink:to="BusinessResultsDistributionsREITLineItems" xlink:type="arc"/><loc xlink:href="http://www.xbrl.tdnet.info/taxonomy/jp/tse/tdnet/re/t/2014-01-12/tse-re-t-2014-01-12.xsd#tse-re-t_DistributionsREITAbstract" xlink:label="DistributionsREITAbstract" xlink:type="locator"/><definitionArc order="1.0" priority="0" xlink:arcrole="http://xbrl.org/int/dim/arcrole/domain-member" xlink:from="BusinessResultsDistributionsREITLineItems" xlink:to="DistributionsREITAbstract" xlink:type="arc"/><loc xlink:href="http://www.xbrl.tdnet.info/taxonomy/jp/tse/tdnet/re/t/2014-01-12/tse-re-t-2014-01-12.xsd#tse-re-t_DistributionsPerUnitExcludingDistributionsInExcessOfProfitREITAbstract" xlink:label="A15e511ae690_0" xlink:type="locator"/><definitionArc order="1.0" priority="0" xlink:arcrole="http://xbrl.org/int/dim/arcrole/domain-member" xlink:from="DistributionsREITAbstract" xlink:to="A15e511ae690_0" xlink:type="arc"/><loc xlink:href="http://www.xbrl.tdnet.info/taxonomy/jp/tse/tdnet/re/t/2014-01-12/tse-re-t-2014-01-12.xsd#tse-re-t_DistributionsPerUnitExcludingDistributionsInExcessOfProfitREIT" xlink:label="A15e511ae691_0" xlink:type="locator"/><definitionArc order="1.0" priority="0" xlink:arcrole="http://xbrl.org/int/dim/arcrole/domain-member" xlink:from="A15e511ae690_0" xlink:to="A15e511ae691_0" xlink:type="arc"/><loc xlink:href="http://www.xbrl.tdnet.info/taxonomy/jp/tse/tdnet/re/t/2014-01-12/tse-re-t-2014-01-12.xsd#tse-re-t_TotalDistributionsREITAbstract" xlink:label="A15e511ae691_1" xlink:type="locator"/><definitionArc order="2.0" priority="0" xlink:arcrole="http://xbrl.org/int/dim/arcrole/domain-member" xlink:from="DistributionsREITAbstract" xlink:to="A15e511ae691_1" xlink:type="arc"/><loc xlink:href="http://www.xbrl.tdnet.info/taxonomy/jp/tse/tdnet/re/t/2014-01-12/tse-re-t-2014-01-12.xsd#tse-re-t_TotalDistributionsREIT" xlink:label="A15e511ae692_0" xlink:type="locator"/><definitionArc order="1.0" priority="0" xlink:arcrole="http://xbrl.org/int/dim/arcrole/domain-member" xlink:from="A15e511ae691_1" xlink:to="A15e511ae692_0" xlink:type="arc"/><loc xlink:href="http://www.xbrl.tdnet.info/taxonomy/jp/tse/tdnet/re/t/2014-01-12/tse-re-t-2014-01-12.xsd#tse-re-t_DistributionsInExcessOfProfitPerUnitREITAbstract" xlink:label="A15e511ae693_0" xlink:type="locator"/><definitionArc order="3.0" priority="0" xlink:arcrole="http://xbrl.org/int/dim/arcrole/domain-member" xlink:from="DistributionsREITAbstract" xlink:to="A15e511ae693_0" xlink:type="arc"/><loc xlink:href="http://www.xbrl.tdnet.info/taxonomy/jp/tse/tdnet/re/t/2014-01-12/tse-re-t-2014-01-12.xsd#tse-re-t_DistributionsInExcessOfProfitPerUnitREIT" xlink:label="A15e511ae693_1" xlink:type="locator"/><definitionArc order="1.0" priority="0" xlink:arcrole="http://xbrl.org/int/dim/arcrole/domain-member" xlink:from="A15e511ae693_0" xlink:to="A15e511ae693_1" xlink:type="arc"/><loc xlink:href="http://www.xbrl.tdnet.info/taxonomy/jp/tse/tdnet/re/t/2014-01-12/tse-re-t-2014-01-12.xsd#tse-re-t_TotalDistributionsInExcessOfProfitREITAbstract" xlink:label="A15e511ae694_0" xlink:type="locator"/><definitionArc order="4.0" priority="0" xlink:arcrole="http://xbrl.org/int/dim/arcrole/domain-member" xlink:from="DistributionsREITAbstract" xlink:to="A15e511ae694_0" xlink:type="arc"/><loc xlink:href="http://www.xbrl.tdnet.info/taxonomy/jp/tse/tdnet/re/t/2014-01-12/tse-re-t-2014-01-12.xsd#tse-re-t_TotalDistributionsInExcessOfProfitREIT" xlink:label="A15e511ae694_1" xlink:type="locator"/><definitionArc order="1.0" priority="0" xlink:arcrole="http://xbrl.org/int/dim/arcrole/domain-member" xlink:from="A15e511ae694_0" xlink:to="A15e511ae694_1" xlink:type="arc"/><loc xlink:href="http://www.xbrl.tdnet.info/taxonomy/jp/tse/tdnet/re/t/2014-01-12/tse-re-t-2014-01-12.xsd#tse-re-t_DistributionsPerUnitIncludingDistributionsInExcessOfProfitREITAbstract" xlink:label="A15e511ae694_2" xlink:type="locator"/><definitionArc order="5.0" priority="0" xlink:arcrole="http://xbrl.org/int/dim/arcrole/domain-member" xlink:from="DistributionsREITAbstract" xlink:to="A15e511ae694_2" xlink:type="arc"/><loc xlink:href="http://www.xbrl.tdnet.info/taxonomy/jp/tse/tdnet/re/t/2014-01-12/tse-re-t-2014-01-12.xsd#tse-re-t_DistributionsPerUnitIncludingDistributionsInExcessOfProfitREIT" xlink:label="A15e511ae694_3" xlink:type="locator"/><definitionArc order="1.0" priority="0" xlink:arcrole="http://xbrl.org/int/dim/arcrole/domain-member" xlink:from="A15e511ae694_2" xlink:to="A15e511ae694_3" xlink:type="arc"/><loc xlink:href="http://www.xbrl.tdnet.info/taxonomy/jp/tse/tdnet/re/t/2014-01-12/tse-re-t-2014-01-12.xsd#tse-re-t_TotalDistributionsIncludingTotalDistributionsInExcessOfProfitREITAbstract" xlink:label="A15e511ae695_0" xlink:type="locator"/><definitionArc order="6.0" priority="0" xlink:arcrole="http://xbrl.org/int/dim/arcrole/domain-member" xlink:from="DistributionsREITAbstract" xlink:to="A15e511ae695_0" xlink:type="arc"/><loc xlink:href="http://www.xbrl.tdnet.info/taxonomy/jp/tse/tdnet/re/t/2014-01-12/tse-re-t-2014-01-12.xsd#tse-re-t_TotalDistributionsIncludingTotalDistributionsInExcessOfProfitREIT" xlink:label="A15e511ae695_1" xlink:type="locator"/><definitionArc order="1.0" priority="0" xlink:arcrole="http://xbrl.org/int/dim/arcrole/domain-member" xlink:from="A15e511ae695_0" xlink:to="A15e511ae695_1" xlink:type="arc"/><loc xlink:href="http://www.xbrl.tdnet.info/taxonomy/jp/tse/tdnet/re/t/2014-01-12/tse-re-t-2014-01-12.xsd#tse-re-t_PayoutRatioAbstract" xlink:label="A15e511ae696_0" xlink:type="locator"/><definitionArc order="7.0" priority="0" xlink:arcrole="http://xbrl.org/int/dim/arcrole/domain-member" xlink:from="DistributionsREITAbstract" xlink:to="A15e511ae696_0" xlink:type="arc"/><loc xlink:href="http://www.xbrl.tdnet.info/taxonomy/jp/tse/tdnet/re/t/2014-01-12/tse-re-t-2014-01-12.xsd#tse-re-t_PayoutRatio" xlink:label="A15e511ae696_1" xlink:type="locator"/><definitionArc order="1.0" priority="0" xlink:arcrole="http://xbrl.org/int/dim/arcrole/domain-member" xlink:from="A15e511ae696_0" xlink:to="A15e511ae696_1" xlink:type="arc"/><loc xlink:href="http://www.xbrl.tdnet.info/taxonomy/jp/tse/tdnet/re/t/2014-01-12/tse-re-t-2014-01-12.xsd#tse-re-t_RatioOfDistributionsToNetAssetsREITAbstract" xlink:label="A15e511ae696_2" xlink:type="locator"/><definitionArc order="8.0" priority="0" xlink:arcrole="http://xbrl.org/int/dim/arcrole/domain-member" xlink:from="DistributionsREITAbstract" xlink:to="A15e511ae696_2" xlink:type="arc"/><loc xlink:href="http://www.xbrl.tdnet.info/taxonomy/jp/tse/tdnet/re/t/2014-01-12/tse-re-t-2014-01-12.xsd#tse-re-t_RatioOfDistributionsToNetAssetsREIT" xlink:label="A15e511ae696_3" xlink:type="locator"/><definitionArc order="1.0" priority="0" xlink:arcrole="http://xbrl.org/int/dim/arcrole/domain-member" xlink:from="A15e511ae696_2" xlink:to="A15e511ae696_3" xlink:type="arc"/><loc xlink:href="http://www.xbrl.tdnet.info/taxonomy/jp/tse/tdnet/re/t/2014-01-12/tse-re-t-2014-01-12.xsd#tse-re-t_NoteToDistributionsREITAbstract" xlink:label="NoteToDistributionsREITAbstract" xlink:type="locator"/><definitionArc order="2.0" priority="0" xlink:arcrole="http://xbrl.org/int/dim/arcrole/domain-member" xlink:from="BusinessResultsDistributionsREITLineItems" xlink:to="NoteToDistributionsREITAbstract" xlink:type="arc"/><loc xlink:href="http://www.xbrl.tdnet.info/taxonomy/jp/tse/tdnet/re/t/2014-01-12/tse-re-t-2014-01-12.xsd#tse-re-t_NoteToDistributionsREIT" xlink:label="NoteToDistributionsREIT" xlink:type="locator"/><definitionArc order="1.0" priority="0" xlink:arcrole="http://xbrl.org/int/dim/arcrole/domain-member" xlink:from="NoteToDistributionsREITAbstract" xlink:to="NoteToDistributionsREIT" xlink:type="arc"/></definitionLink><definitionLink xlink:role="http://www.xbrl.tdnet.info/jp/tse/tdnet/role/RoleNotesChangesAccountingPoliciesAccountingEstimatesRetrospectiveRestatementREIT" xlink:type="extended"><loc xlink:href="http://www.xbrl.tdnet.info/taxonomy/jp/tse/tdnet/re/t/2014-01-12/tse-re-t-2014-01-12.xsd#tse-re-t_ConsolidatedNonconsolidatedAxis" xlink:label="ConsolidatedNonconsolidatedAxis" xlink:type="locator"/><loc xlink:href="http://www.xbrl.tdnet.info/taxonomy/jp/tse/tdnet/re/t/2014-01-12/tse-re-t-2014-01-12.xsd#tse-re-t_NonConsolidatedMember" xlink:label="NonConsolidatedMember" xlink:type="locator"/><definitionArc order="1.0" priority="0" xlink:arcrole="http://xbrl.org/int/dim/arcrole/dimension-domain" xlink:from="ConsolidatedNonconsolidatedAxis" xlink:to="NonConsolidatedMember" xlink:type="arc"/><loc xlink:href="http://www.xbrl.tdnet.info/taxonomy/jp/tse/tdnet/re/t/2014-01-12/tse-re-t-2014-01-12.xsd#tse-re-t_ResultForecastAxis" xlink:label="ResultForecastAxis" xlink:type="locator"/><loc xlink:href="http://www.xbrl.tdnet.info/taxonomy/jp/tse/tdnet/re/t/2014-01-12/tse-re-t-2014-01-12.xsd#tse-re-t_ResultMember" xlink:label="ResultMember" xlink:type="locator"/><definitionArc order="1.0" priority="0" xlink:arcrole="http://xbrl.org/int/dim/arcrole/dimension-domain" xlink:from="ResultForecastAxis" xlink:to="ResultMember" xlink:type="arc"/><loc xlink:href="http://www.xbrl.tdnet.info/taxonomy/jp/tse/tdnet/re/t/2014-01-12/tse-re-t-2014-01-12.xsd#tse-re-t_NotesChangesAccountingPoliciesAccountingEstimatesRetrospectiveRestatementREITHeading" xlink:label="NotesChangesAccountingPoliciesAccountingEstimatesRetrospectiveRestatementREITHeading" xlink:type="locator"/><loc xlink:href="http://www.xbrl.tdnet.info/taxonomy/jp/tse/tdnet/re/t/2014-01-12/tse-re-t-2014-01-12.xsd#tse-re-t_NotesChangesAccountingPoliciesAccountingEstimatesRetrospectiveRestatementREITTable" xlink:label="NotesChangesAccountingPoliciesAccountingEstimatesRetrospectiveRestatementREITTable" xlink:type="locator"/><definitionArc order="1.0" priority="0" xbrldt:closed="true" xbrldt:contextElement="scenario" xlink:arcrole="http://xbrl.org/int/dim/arcrole/all" xlink:from="NotesChangesAccountingPoliciesAccountingEstimatesRetrospectiveRestatementREITHeading" xlink:to="NotesChangesAccountingPoliciesAccountingEstimatesRetrospectiveRestatementREITTable" xlink:type="arc"/><definitionArc order="1.0" priority="0" xlink:arcrole="http://xbrl.org/int/dim/arcrole/hypercube-dimension" xlink:from="NotesChangesAccountingPoliciesAccountingEstimatesRetrospectiveRestatementREITTable" xlink:to="ConsolidatedNonconsolidatedAxis" xlink:type="arc"/><definitionArc order="2.0" priority="0" xlink:arcrole="http://xbrl.org/int/dim/arcrole/hypercube-dimension" xlink:from="NotesChangesAccountingPoliciesAccountingEstimatesRetrospectiveRestatementREITTable" xlink:to="ResultForecastAxis" xlink:type="arc"/><loc xlink:href="http://www.xbrl.tdnet.info/taxonomy/jp/tse/tdnet/re/t/2014-01-12/tse-re-t-2014-01-12.xsd#tse-re-t_NotesChangesAccountingPoliciesAccountingEstimatesRetrospectiveRestatementREITLineItems" xlink:label="NotesChangesAccountingPoliciesAccountingEstimatesRetrospectiveRestatementREITLineItems" xlink:type="locator"/><definitionArc order="2.0" priority="0" xlink:arcrole="http://xbrl.org/int/dim/arcrole/domain-member" xlink:from="NotesChangesAccountingPoliciesAccountingEstimatesRetrospectiveRestatementREITHeading" xlink:to="NotesChangesAccountingPoliciesAccountingEstimatesRetrospectiveRestatementREITLineItems" xlink:type="arc"/><loc xlink:href="http://www.xbrl.tdnet.info/taxonomy/jp/tse/tdnet/re/t/2014-01-12/tse-re-t-2014-01-12.xsd#tse-re-t_OthersREITAbstract" xlink:label="OthersREITAbstract" xlink:type="locator"/><definitionArc order="1.0" priority="0" xlink:arcrole="http://xbrl.org/int/dim/arcrole/domain-member" xlink:from="NotesChangesAccountingPoliciesAccountingEstimatesRetrospectiveRestatementREITLineItems" xlink:to="OthersREITAbstract" xlink:type="arc"/><loc xlink:href="http://www.xbrl.tdnet.info/taxonomy/jp/tse/tdnet/re/t/2014-01-12/tse-re-t-2014-01-12.xsd#tse-re-t_ChangesInAccountingPoliciesAndAccountingEstimatesRetrospectiveRestatementAbstract" xlink:label="ChangesInAccountingPoliciesAndAccountingEstimatesRetrospectiveRestatementAbstract" xlink:type="locator"/><definitionArc order="1.0" priority="0" xlink:arcrole="http://xbrl.org/int/dim/arcrole/domain-member" xlink:from="OthersREITAbstract" xlink:to="ChangesInAccountingPoliciesAndAccountingEstimatesRetrospectiveRestatementAbstract" xlink:type="arc"/><loc xlink:href="http://www.xbrl.tdnet.info/taxonomy/jp/tse/tdnet/re/t/2014-01-12/tse-re-t-2014-01-12.xsd#tse-re-t_ChangesBasedOnRevisionsOfAccountingStandard" xlink:label="ChangesBasedOnRevisionsOfAccountingStandard" xlink:type="locator"/><definitionArc order="1.0" priority="0" xlink:arcrole="http://xbrl.org/int/dim/arcrole/domain-member" xlink:from="ChangesInAccountingPoliciesAndAccountingEstimatesRetrospectiveRestatementAbstract" xlink:to="ChangesBasedOnRevisionsOfAccountingStandard" xlink:type="arc"/><loc xlink:href="http://www.xbrl.tdnet.info/taxonomy/jp/tse/tdnet/re/t/2014-01-12/tse-re-t-2014-01-12.xsd#tse-re-t_ChangesOtherThanOnesBasedOnRevisionsOfAccountingStandard" xlink:label="ChangesOtherThanOnesBasedOnRevisionsOfAccountingStandard" xlink:type="locator"/><definitionArc order="2.0" priority="0" xlink:arcrole="http://xbrl.org/int/dim/arcrole/domain-member" xlink:from="ChangesInAccountingPoliciesAndAccountingEstimatesRetrospectiveRestatementAbstract" xlink:to="ChangesOtherThanOnesBasedOnRevisionsOfAccountingStandard" xlink:type="arc"/><loc xlink:href="http://www.xbrl.tdnet.info/taxonomy/jp/tse/tdnet/re/t/2014-01-12/tse-re-t-2014-01-12.xsd#tse-re-t_ChangesInAccountingEstimates" xlink:label="ChangesInAccountingEstimates" xlink:type="locator"/><definitionArc order="3.0" priority="0" xlink:arcrole="http://xbrl.org/int/dim/arcrole/domain-member" xlink:from="ChangesInAccountingPoliciesAndAccountingEstimatesRetrospectiveRestatementAbstract" xlink:to="ChangesInAccountingEstimates" xlink:type="arc"/><loc xlink:href="http://www.xbrl.tdnet.info/taxonomy/jp/tse/tdnet/re/t/2014-01-12/tse-re-t-2014-01-12.xsd#tse-re-t_RetrospectiveRestatement" xlink:label="RetrospectiveRestatement" xlink:type="locator"/><definitionArc order="4.0" priority="0" xlink:arcrole="http://xbrl.org/int/dim/arcrole/domain-member" xlink:from="ChangesInAccountingPoliciesAndAccountingEstimatesRetrospectiveRestatementAbstract" xlink:to="RetrospectiveRestatement" xlink:type="arc"/><loc xlink:href="http://www.xbrl.tdnet.info/taxonomy/jp/tse/tdnet/re/t/2014-01-12/tse-re-t-2014-01-12.xsd#tse-re-t_NoteToChangesInAccountingPoliciesAndAccountingEstimatesRetrospectiveRestatementAbstract" xlink:label="NoteToChangesInAccountingPoliciesAndAccountingEstimatesRetrospectiveRestatementAbstract" xlink:type="locator"/><definitionArc order="2.0" priority="0" xlink:arcrole="http://xbrl.org/int/dim/arcrole/domain-member" xlink:from="OthersREITAbstract" xlink:to="NoteToChangesInAccountingPoliciesAndAccountingEstimatesRetrospectiveRestatementAbstract" xlink:type="arc"/><loc xlink:href="http://www.xbrl.tdnet.info/taxonomy/jp/tse/tdnet/re/t/2014-01-12/tse-re-t-2014-01-12.xsd#tse-re-t_NoteToChangesInAccountingPoliciesAndAccountingEstimatesRetrospectiveRestatement" xlink:label="NoteToChangesInAccountingPoliciesAndAccountingEstimatesRetrospectiveRestatement" xlink:type="locator"/><definitionArc order="1.0" priority="0" xlink:arcrole="http://xbrl.org/int/dim/arcrole/domain-member" xlink:from="NoteToChangesInAccountingPoliciesAndAccountingEstimatesRetrospectiveRestatementAbstract" xlink:to="NoteToChangesInAccountingPoliciesAndAccountingEstimatesRetrospectiveRestatement" xlink:type="arc"/></definitionLink><definitionLink xlink:role="http://www.xbrl.tdnet.info/jp/tse/tdnet/role/RoleNotesNumberOfInvestmentUnitsIssuedREIT" xlink:type="extended"><loc xlink:href="http://www.xbrl.tdnet.info/taxonomy/jp/tse/tdnet/re/t/2014-01-12/tse-re-t-2014-01-12.xsd#tse-re-t_ConsolidatedNonconsolidatedAxis" xlink:label="ConsolidatedNonconsolidatedAxis" xlink:type="locator"/><loc xlink:href="http://www.xbrl.tdnet.info/taxonomy/jp/tse/tdnet/re/t/2014-01-12/tse-re-t-2014-01-12.xsd#tse-re-t_NonConsolidatedMember" xlink:label="NonConsolidatedMember" xlink:type="locator"/><definitionArc order="1.0" priority="0" xlink:arcrole="http://xbrl.org/int/dim/arcrole/dimension-domain" xlink:from="ConsolidatedNonconsolidatedAxis" xlink:to="NonConsolidatedMember" xlink:type="arc"/><loc xlink:href="http://www.xbrl.tdnet.info/taxonomy/jp/tse/tdnet/re/t/2014-01-12/tse-re-t-2014-01-12.xsd#tse-re-t_ResultForecastAxis" xlink:label="ResultForecastAxis" xlink:type="locator"/><loc xlink:href="http://www.xbrl.tdnet.info/taxonomy/jp/tse/tdnet/re/t/2014-01-12/tse-re-t-2014-01-12.xsd#tse-re-t_ResultMember" xlink:label="ResultMember" xlink:type="locator"/><definitionArc order="1.0" priority="0" xlink:arcrole="http://xbrl.org/int/dim/arcrole/dimension-domain" xlink:from="ResultForecastAxis" xlink:to="ResultMember" xlink:type="arc"/><loc xlink:href="http://www.xbrl.tdnet.info/taxonomy/jp/tse/tdnet/re/t/2014-01-12/tse-re-t-2014-01-12.xsd#tse-re-t_OthersREITAbstract" xlink:label="OthersREITAbstract" xlink:type="locator"/><loc xlink:href="http://www.xbrl.tdnet.info/taxonomy/jp/tse/tdnet/re/t/2014-01-12/tse-re-t-2014-01-12.xsd#tse-re-t_NumberOfInvestmentUnitsIssuedREITAbstract" xlink:label="NumberOfInvestmentUnitsIssuedREITAbstract" xlink:type="locator"/><definitionArc order="1.0" priority="0" xlink:arcrole="http://xbrl.org/int/dim/arcrole/domain-member" xlink:from="OthersREITAbstract" xlink:to="NumberOfInvestmentUnitsIssuedREITAbstract" xlink:type="arc"/><loc xlink:href="http://www.xbrl.tdnet.info/taxonomy/jp/tse/tdnet/re/t/2014-01-12/tse-re-t-2014-01-12.xsd#tse-re-t_NumberOfInvestmentUnitsIncludingTreasuryInvestmentUnitsIssuedAtEndOfPeriodREIT" xlink:label="NumberOfInvestmentUnitsIncludingTreasuryInvestmentUnitsIssuedAtEndOfPeriodREIT" xlink:type="locator"/><definitionArc order="1.0" priority="0" xlink:arcrole="http://xbrl.org/int/dim/arcrole/domain-member" xlink:from="NumberOfInvestmentUnitsIssuedREITAbstract" xlink:to="NumberOfInvestmentUnitsIncludingTreasuryInvestmentUnitsIssuedAtEndOfPeriodREIT" xlink:type="arc"/><loc xlink:href="http://www.xbrl.tdnet.info/taxonomy/jp/tse/tdnet/re/t/2014-01-12/tse-re-t-2014-01-12.xsd#tse-re-t_NumberOfTreasuryInvestmentUnitsIssuedAtEndOfPeriodREIT" xlink:label="NumberOfTreasuryInvestmentUnitsIssuedAtEndOfPeriodREIT" xlink:type="locator"/><definitionArc order="2.0" priority="0" xlink:arcrole="http://xbrl.org/int/dim/arcrole/domain-member" xlink:from="NumberOfInvestmentUnitsIssuedREITAbstract" xlink:to="NumberOfTreasuryInvestmentUnitsIssuedAtEndOfPeriodREIT" xlink:type="arc"/><loc xlink:href="http://www.xbrl.tdnet.info/taxonomy/jp/tse/tdnet/re/t/2014-01-12/tse-re-t-2014-01-12.xsd#tse-re-t_NoteToNumberOfInvestmentUnitsIssuedREITAbstract" xlink:label="NoteToNumberOfInvestmentUnitsIssuedREITAbstract" xlink:type="locator"/><definitionArc order="2.0" priority="0" xlink:arcrole="http://xbrl.org/int/dim/arcrole/domain-member" xlink:from="OthersREITAbstract" xlink:to="NoteToNumberOfInvestmentUnitsIssuedREITAbstract" xlink:type="arc"/><loc xlink:href="http://www.xbrl.tdnet.info/taxonomy/jp/tse/tdnet/re/t/2014-01-12/tse-re-t-2014-01-12.xsd#tse-re-t_NoteToNumberOfInvestmentUnitsIssuedREIT" xlink:label="NoteToNumberOfInvestmentUnitsIssuedREIT" xlink:type="locator"/><definitionArc order="1.0" priority="0" xlink:arcrole="http://xbrl.org/int/dim/arcrole/domain-member" xlink:from="NoteToNumberOfInvestmentUnitsIssuedREITAbstract" xlink:to="NoteToNumberOfInvestmentUnitsIssuedREIT" xlink:type="arc"/><loc xlink:href="http://www.xbrl.tdnet.info/taxonomy/jp/tse/tdnet/re/t/2014-01-12/tse-re-t-2014-01-12.xsd#tse-re-t_NotesNumberOfInvestmentUnitsIssuedREITHeading" xlink:label="NotesNumberOfInvestmentUnitsIssuedREITHeading" xlink:type="locator"/><loc xlink:href="http://www.xbrl.tdnet.info/taxonomy/jp/tse/tdnet/re/t/2014-01-12/tse-re-t-2014-01-12.xsd#tse-re-t_NotesNumberOfInvestmentUnitsIssuedREITTable" xlink:label="NotesNumberOfInvestmentUnitsIssuedREITTable" xlink:type="locator"/><definitionArc order="1.0" priority="0" xbrldt:closed="true" xbrldt:contextElement="scenario" xlink:arcrole="http://xbrl.org/int/dim/arcrole/all" xlink:from="NotesNumberOfInvestmentUnitsIssuedREITHeading" xlink:to="NotesNumberOfInvestmentUnitsIssuedREITTable" xlink:type="arc"/><definitionArc order="1.0" priority="0" xlink:arcrole="http://xbrl.org/int/dim/arcrole/hypercube-dimension" xlink:from="NotesNumberOfInvestmentUnitsIssuedREITTable" xlink:to="ConsolidatedNonconsolidatedAxis" xlink:type="arc"/><definitionArc order="2.0" priority="0" xlink:arcrole="http://xbrl.org/int/dim/arcrole/hypercube-dimension" xlink:from="NotesNumberOfInvestmentUnitsIssuedREITTable" xlink:to="ResultForecastAxis" xlink:type="arc"/><loc xlink:href="http://www.xbrl.tdnet.info/taxonomy/jp/tse/tdnet/re/t/2014-01-12/tse-re-t-2014-01-12.xsd#tse-re-t_NotesNumberOfInvestmentUnitsIssuedREITLineItems" xlink:label="NotesNumberOfInvestmentUnitsIssuedREITLineItems" xlink:type="locator"/><definitionArc order="2.0" priority="0" xlink:arcrole="http://xbrl.org/int/dim/arcrole/domain-member" xlink:from="NotesNumberOfInvestmentUnitsIssuedREITHeading" xlink:to="NotesNumberOfInvestmentUnitsIssuedREITLineItems" xlink:type="arc"/><definitionArc order="1.0" priority="0" xlink:arcrole="http://xbrl.org/int/dim/arcrole/domain-member" xlink:from="NotesNumberOfInvestmentUnitsIssuedREITLineItems" xlink:to="OthersREITAbstract" xlink:type="arc"/></definitionLink><definitionLink xlink:role="http://www.xbrl.tdnet.info/jp/tse/tdnet/role/RoleForecastsREIT" xlink:type="extended"><loc xlink:href="http://www.xbrl.tdnet.info/taxonomy/jp/tse/tdnet/re/t/2014-01-12/tse-re-t-2014-01-12.xsd#tse-re-t_ConsolidatedNonconsolidatedAxis" xlink:label="ConsolidatedNonconsolidatedAxis" xlink:type="locator"/><loc xlink:href="http://www.xbrl.tdnet.info/taxonomy/jp/tse/tdnet/re/t/2014-01-12/tse-re-t-2014-01-12.xsd#tse-re-t_NonConsolidatedMember" xlink:label="NonConsolidatedMember" xlink:type="locator"/><definitionArc order="1.0" priority="0" xlink:arcrole="http://xbrl.org/int/dim/arcrole/dimension-domain" xlink:from="ConsolidatedNonconsolidatedAxis" xlink:to="NonConsolidatedMember" xlink:type="arc"/><loc xlink:href="http://www.xbrl.tdnet.info/taxonomy/jp/tse/tdnet/re/t/2014-01-12/tse-re-t-2014-01-12.xsd#tse-re-t_ResultForecastAxis" xlink:label="ResultForecastAxis" xlink:type="locator"/><loc xlink:href="http://www.xbrl.tdnet.info/taxonomy/jp/tse/tdnet/re/t/2014-01-12/tse-re-t-2014-01-12.xsd#tse-re-t_ForecastMember" xlink:label="ForecastMember" xlink:type="locator"/><definitionArc order="1.0" priority="0" xlink:arcrole="http://xbrl.org/int/dim/arcrole/dimension-domain" xlink:from="ResultForecastAxis" xlink:to="ForecastMember" xlink:type="arc"/><loc xlink:href="http://www.xbrl.tdnet.info/taxonomy/jp/tse/tdnet/re/t/2014-01-12/tse-re-t-2014-01-12.xsd#tse-re-t_UpperMember" xlink:label="UpperMember" xlink:type="locator"/><definitionArc order="2.0" priority="0" xlink:arcrole="http://xbrl.org/int/dim/arcrole/dimension-domain" xlink:from="ResultForecastAxis" xlink:to="UpperMember" xlink:type="arc"/><loc xlink:href="http://www.xbrl.tdnet.info/taxonomy/jp/tse/tdnet/re/t/2014-01-12/tse-re-t-2014-01-12.xsd#tse-re-t_LowerMember" xlink:label="LowerMember" xlink:type="locator"/><definitionArc order="3.0" priority="0" xlink:arcrole="http://xbrl.org/int/dim/arcrole/dimension-domain" xlink:from="ResultForecastAxis" xlink:to="LowerMember" xlink:type="arc"/><loc xlink:href="http://www.xbrl.tdnet.info/taxonomy/jp/tse/tdnet/re/t/2014-01-12/tse-re-t-2014-01-12.xsd#tse-re-t_ForecastsREITHeading" xlink:label="ForecastsREITHeading" xlink:type="locator"/><loc xlink:href="http://www.xbrl.tdnet.info/taxonomy/jp/tse/tdnet/re/t/2014-01-12/tse-re-t-2014-01-12.xsd#tse-re-t_ForecastsREITTable" xlink:label="ForecastsREITTable" xlink:type="locator"/><definitionArc order="1.0" priority="0" xbrldt:closed="true" xbrldt:contextElement="scenario" xlink:arcrole="http://xbrl.org/int/dim/arcrole/all" xlink:from="ForecastsREITHeading" xlink:to="ForecastsREITTable" xlink:type="arc"/><definitionArc order="1.0" priority="0" xlink:arcrole="http://xbrl.org/int/dim/arcrole/hypercube-dimension" xlink:from="ForecastsREITTable" xlink:to="ConsolidatedNonconsolidatedAxis" xlink:type="arc"/><definitionArc order="2.0" priority="0" xlink:arcrole="http://xbrl.org/int/dim/arcrole/hypercube-dimension" xlink:from="ForecastsREITTable" xlink:to="ResultForecastAxis" xlink:type="arc"/><loc xlink:href="http://www.xbrl.tdnet.info/taxonomy/jp/tse/tdnet/re/t/2014-01-12/tse-re-t-2014-01-12.xsd#tse-re-t_ForecastsREITLineItems" xlink:label="ForecastsREITLineItems" xlink:type="locator"/><definitionArc order="2.0" priority="0" xlink:arcrole="http://xbrl.org/int/dim/arcrole/domain-member" xlink:from="ForecastsREITHeading" xlink:to="ForecastsREITLineItems" xlink:type="arc"/><loc xlink:href="http://www.xbrl.tdnet.info/taxonomy/jp/tse/tdnet/re/t/2014-01-12/tse-re-t-2014-01-12.xsd#tse-re-t_TitleForForecastsREIT" xlink:label="TitleForForecastsREIT" xlink:type="locator"/><definitionArc order="1.0" priority="0" xlink:arcrole="http://xbrl.org/int/dim/arcrole/domain-member" xlink:from="ForecastsREITLineItems" xlink:to="TitleForForecastsREIT" xlink:type="arc"/><loc xlink:href="http://www.xbrl.tdnet.info/taxonomy/jp/tse/tdnet/re/t/2014-01-12/tse-re-t-2014-01-12.xsd#tse-re-t_MainTableOfForecastsREITAbstract" xlink:label="MainTableOfForecastsREITAbstract" xlink:type="locator"/><definitionArc order="2.0" priority="0" xlink:arcrole="http://xbrl.org/int/dim/arcrole/domain-member" xlink:from="ForecastsREITLineItems" xlink:to="MainTableOfForecastsREITAbstract" xlink:type="arc"/><loc xlink:href="http://www.xbrl.tdnet.info/taxonomy/jp/tse/tdnet/re/t/2014-01-12/tse-re-t-2014-01-12.xsd#tse-re-t_OperatingIncomeForecastAbstract" xlink:label="OperatingIncomeForecastAbstract" xlink:type="locator"/><definitionArc order="2.0" priority="0" xlink:arcrole="http://xbrl.org/int/dim/arcrole/domain-member" xlink:from="MainTableOfForecastsREITAbstract" xlink:to="OperatingIncomeForecastAbstract" xlink:type="arc"/><loc xlink:href="http://www.xbrl.tdnet.info/taxonomy/jp/tse/tdnet/re/t/2014-01-12/tse-re-t-2014-01-12.xsd#tse-re-t_OperatingIncome" xlink:label="OperatingIncome" xlink:type="locator"/><definitionArc order="1.0" priority="0" xlink:arcrole="http://xbrl.org/int/dim/arcrole/domain-member" xlink:from="OperatingIncomeForecastAbstract" xlink:to="OperatingIncome" xlink:type="arc"/><loc xlink:href="http://www.xbrl.tdnet.info/taxonomy/jp/tse/tdnet/re/t/2014-01-12/tse-re-t-2014-01-12.xsd#tse-re-t_ChangeInOperatingIncome" xlink:label="ChangeInOperatingIncome" xlink:type="locator"/><definitionArc order="2.0" priority="0" xlink:arcrole="http://xbrl.org/int/dim/arcrole/domain-member" xlink:from="OperatingIncomeForecastAbstract" xlink:to="ChangeInOperatingIncome" xlink:type="arc"/><loc xlink:href="http://www.xbrl.tdnet.info/taxonomy/jp/tse/tdnet/re/t/2014-01-12/tse-re-t-2014-01-12.xsd#tse-re-t_OrdinaryIncomeForecastAbstract" xlink:label="OrdinaryIncomeForecastAbstract" xlink:type="locator"/><definitionArc order="3.0" priority="0" xlink:arcrole="http://xbrl.org/int/dim/arcrole/domain-member" xlink:from="MainTableOfForecastsREITAbstract" xlink:to="OrdinaryIncomeForecastAbstract" xlink:type="arc"/><loc xlink:href="http://www.xbrl.tdnet.info/taxonomy/jp/tse/tdnet/re/t/2014-01-12/tse-re-t-2014-01-12.xsd#tse-re-t_OrdinaryIncome" xlink:label="OrdinaryIncome" xlink:type="locator"/><definitionArc order="1.0" priority="0" xlink:arcrole="http://xbrl.org/int/dim/arcrole/domain-member" xlink:from="OrdinaryIncomeForecastAbstract" xlink:to="OrdinaryIncome" xlink:type="arc"/><loc xlink:href="http://www.xbrl.tdnet.info/taxonomy/jp/tse/tdnet/re/t/2014-01-12/tse-re-t-2014-01-12.xsd#tse-re-t_ChangeInOrdinaryIncome" xlink:label="ChangeInOrdinaryIncome" xlink:type="locator"/><definitionArc order="2.0" priority="0" xlink:arcrole="http://xbrl.org/int/dim/arcrole/domain-member" xlink:from="OrdinaryIncomeForecastAbstract" xlink:to="ChangeInOrdinaryIncome" xlink:type="arc"/><loc xlink:href="http://www.xbrl.tdnet.info/taxonomy/jp/tse/tdnet/re/t/2014-01-12/tse-re-t-2014-01-12.xsd#tse-re-t_NetIncomeForecastAbstract" xlink:label="NetIncomeForecastAbstract" xlink:type="locator"/><definitionArc order="4.0" priority="0" xlink:arcrole="http://xbrl.org/int/dim/arcrole/domain-member" xlink:from="MainTableOfForecastsREITAbstract" xlink:to="NetIncomeForecastAbstract" xlink:type="arc"/><loc xlink:href="http://www.xbrl.tdnet.info/taxonomy/jp/tse/tdnet/re/t/2014-01-12/tse-re-t-2014-01-12.xsd#tse-re-t_NetIncome" xlink:label="NetIncome" xlink:type="locator"/><definitionArc order="1.0" priority="0" xlink:arcrole="http://xbrl.org/int/dim/arcrole/domain-member" xlink:from="NetIncomeForecastAbstract" xlink:to="NetIncome" xlink:type="arc"/><loc xlink:href="http://www.xbrl.tdnet.info/taxonomy/jp/tse/tdnet/re/t/2014-01-12/tse-re-t-2014-01-12.xsd#tse-re-t_ChangeInNetIncome" xlink:label="ChangeInNetIncome" xlink:type="locator"/><definitionArc order="2.0" priority="0" xlink:arcrole="http://xbrl.org/int/dim/arcrole/domain-member" xlink:from="NetIncomeForecastAbstract" xlink:to="ChangeInNetIncome" xlink:type="arc"/><loc xlink:href="http://www.xbrl.tdnet.info/taxonomy/jp/tse/tdnet/re/t/2014-01-12/tse-re-t-2014-01-12.xsd#tse-re-t_OperatingRevenuesForecastREITAbstract" xlink:label="OperatingRevenuesForecastREITAbstract" xlink:type="locator"/><definitionArc order="1.0" xlink:arcrole="http://xbrl.org/int/dim/arcrole/domain-member" xlink:from="MainTableOfForecastsREITAbstract" xlink:to="OperatingRevenuesForecastREITAbstract" xlink:type="arc"/><loc xlink:href="http://www.xbrl.tdnet.info/taxonomy/jp/tse/tdnet/re/t/2014-01-12/tse-re-t-2014-01-12.xsd#tse-re-t_OperatingRevenuesREIT" xlink:label="OperatingRevenuesREIT" xlink:type="locator"/><definitionArc order="1.0" xlink:arcrole="http://xbrl.org/int/dim/arcrole/domain-member" xlink:from="OperatingRevenuesForecastREITAbstract" xlink:to="OperatingRevenuesREIT" xlink:type="arc"/><loc xlink:href="http://www.xbrl.tdnet.info/taxonomy/jp/tse/tdnet/re/t/2014-01-12/tse-re-t-2014-01-12.xsd#tse-re-t_ChangeInOperatingRevenuesREIT" xlink:label="ChangeInOperatingRevenuesREIT" xlink:type="locator"/><definitionArc order="2.0" xlink:arcrole="http://xbrl.org/int/dim/arcrole/domain-member" xlink:from="OperatingRevenuesForecastREITAbstract" xlink:to="ChangeInOperatingRevenuesREIT" xlink:type="arc"/><loc xlink:href="http://www.xbrl.tdnet.info/taxonomy/jp/tse/tdnet/re/t/2014-01-12/tse-re-t-2014-01-12.xsd#tse-re-t_DistributionsPerUnitExcludingDistributionsInExcessOfProfitForecastREITAbstract" xlink:label="DistributionsPerUnitExcludingDistributionsInExcessOfProfitForecastREITAbstract" xlink:type="locator"/><definitionArc order="5.0" xlink:arcrole="http://xbrl.org/int/dim/arcrole/domain-member" xlink:from="MainTableOfForecastsREITAbstract" xlink:to="DistributionsPerUnitExcludingDistributionsInExcessOfProfitForecastREITAbstract" xlink:type="arc"/><loc xlink:href="http://www.xbrl.tdnet.info/taxonomy/jp/tse/tdnet/re/t/2014-01-12/tse-re-t-2014-01-12.xsd#tse-re-t_DistributionsPerUnitExcludingDistributionsInExcessOfProfitREIT" xlink:label="DistributionsPerUnitExcludingDistributionsInExcessOfProfitREIT" xlink:type="locator"/><definitionArc order="1.0" xlink:arcrole="http://xbrl.org/int/dim/arcrole/domain-member" xlink:from="DistributionsPerUnitExcludingDistributionsInExcessOfProfitForecastREITAbstract" xlink:to="DistributionsPerUnitExcludingDistributionsInExcessOfProfitREIT" xlink:type="arc"/><loc xlink:href="http://www.xbrl.tdnet.info/taxonomy/jp/tse/tdnet/re/t/2014-01-12/tse-re-t-2014-01-12.xsd#tse-re-t_DistributionsInExcessOfProfitPerUnitForecastREITAbstract" xlink:label="DistributionsInExcessOfProfitPerUnitForecastREITAbstract" xlink:type="locator"/><definitionArc order="6.0" xlink:arcrole="http://xbrl.org/int/dim/arcrole/domain-member" xlink:from="MainTableOfForecastsREITAbstract" xlink:to="DistributionsInExcessOfProfitPerUnitForecastREITAbstract" xlink:type="arc"/><loc xlink:href="http://www.xbrl.tdnet.info/taxonomy/jp/tse/tdnet/re/t/2014-01-12/tse-re-t-2014-01-12.xsd#tse-re-t_DistributionsInExcessOfProfitPerUnitREIT" xlink:label="DistributionsInExcessOfProfitPerUnitREIT" xlink:type="locator"/><definitionArc order="1.0" xlink:arcrole="http://xbrl.org/int/dim/arcrole/domain-member" xlink:from="DistributionsInExcessOfProfitPerUnitForecastREITAbstract" xlink:to="DistributionsInExcessOfProfitPerUnitREIT" xlink:type="arc"/><loc xlink:href="http://www.xbrl.tdnet.info/taxonomy/jp/tse/tdnet/re/t/2014-01-12/tse-re-t-2014-01-12.xsd#tse-re-t_NoteToForecastsREITAbstract" xlink:label="NoteToForecastsREITAbstract" xlink:type="locator"/><definitionArc order="3.0" priority="0" xlink:arcrole="http://xbrl.org/int/dim/arcrole/domain-member" xlink:from="ForecastsREITLineItems" xlink:to="NoteToForecastsREITAbstract" xlink:type="arc"/><loc xlink:href="http://www.xbrl.tdnet.info/taxonomy/jp/tse/tdnet/re/t/2014-01-12/tse-re-t-2014-01-12.xsd#tse-re-t_NoteToForecastsREIT" xlink:label="NoteToForecastsREIT" xlink:type="locator"/><definitionArc order="1.0" priority="0" xlink:arcrole="http://xbrl.org/int/dim/arcrole/domain-member" xlink:from="NoteToForecastsREITAbstract" xlink:to="NoteToForecastsREIT" xlink:type="arc"/></definitionLink><definitionLink xlink:role="http://www.xbrl.tdnet.info/jp/tse/tdnet/role/RoleSpecialNotesREIT" xlink:type="extended"><loc xlink:href="http://www.xbrl.tdnet.info/taxonomy/jp/tse/tdnet/re/t/2014-01-12/tse-re-t-2014-01-12.xsd#tse-re-t_SpecialNotesREITHeading" xlink:label="SpecialNotesREITHeading" xlink:type="locator"/><loc xlink:href="http://www.xbrl.tdnet.info/taxonomy/jp/tse/tdnet/re/t/2014-01-12/tse-re-t-2014-01-12.xsd#tse-re-t_SpecialNotesREITTable" xlink:label="SpecialNotesREITTable" xlink:type="locator"/><definitionArc order="1.0" priority="0" xbrldt:closed="true" xbrldt:contextElement="scenario" xlink:arcrole="http://xbrl.org/int/dim/arcrole/all" xlink:from="SpecialNotesREITHeading" xlink:to="SpecialNotesREITTable" xlink:type="arc"/><loc xlink:href="http://www.xbrl.tdnet.info/taxonomy/jp/tse/tdnet/re/t/2014-01-12/tse-re-t-2014-01-12.xsd#tse-re-t_SpecialNotesREITLineItems" xlink:label="SpecialNotesREITLineItems" xlink:type="locator"/><definitionArc order="2.0" priority="0" xlink:arcrole="http://xbrl.org/int/dim/arcrole/domain-member" xlink:from="SpecialNotesREITHeading" xlink:to="SpecialNotesREITLineItems" xlink:type="arc"/><loc xlink:href="http://www.xbrl.tdnet.info/taxonomy/jp/tse/tdnet/re/t/2014-01-12/tse-re-t-2014-01-12.xsd#tse-re-t_ExpressionOfImplementationStatusOfAuditProcedures" xlink:label="ExpressionOfImplementationStatusOfAuditProcedures" xlink:type="locator"/><definitionArc order="1.0" priority="0" xlink:arcrole="http://xbrl.org/int/dim/arcrole/domain-member" xlink:from="SpecialNotesREITLineItems" xlink:to="ExpressionOfImplementationStatusOfAuditProcedures" xlink:type="arc"/><loc xlink:href="http://www.xbrl.tdnet.info/taxonomy/jp/tse/tdnet/re/t/2014-01-12/tse-re-t-2014-01-12.xsd#tse-re-t_NotesForUsingForecastedInformationAndOthersREIT" xlink:label="NotesForUsingForecastedInformationAndOthersREIT" xlink:type="locator"/><definitionArc order="2.0" priority="0" xlink:arcrole="http://xbrl.org/int/dim/arcrole/domain-member" xlink:from="SpecialNotesREITLineItems" xlink:to="NotesForUsingForecastedInformationAndOthersREIT" xlink:type="arc"/></definitionLink></linkbase>