<?xml version="1.0" encoding="utf-8"?>
<!-- Generated by PRONEXUS WORKS --><link:linkbase xmlns:link="http://www.xbrl.org/2003/linkbase" xmlns:xsi="http://www.w3.org/2001/XMLSchema-instance" xmlns:xbrli="http://www.xbrl.org/2003/instance" xmlns:xlink="http://www.w3.org/1999/xlink">  <link:roleRef xlink:type="simple" roleURI="http://disclosure.edinet-fsa.go.jp/jppfs/ConsolidatedQuarterly/role/positiveLabel" xlink:href="http://disclosure.edinet-fsa.go.jp/taxonomy/jppfs/2018-02-28/jppfs_rt_2018-02-28.xsd#rol_ConsolidatedQuarterlyPositiveLabel" />  <link:roleRef xlink:type="simple" roleURI="http://www.xbrl.tdnet.info/jp/tse/tdnet/role/RoleAttachedDocument" xlink:href="http://www.xbrl.tdnet.info/taxonomy/jp/tse/tdnet/at/o/rt/2014-01-12/tse-at-rt-2014-01-12.xsd#RoleAttachedDocument" />  <link:roleRef xlink:type="simple" roleURI="http://disclosure.edinet-fsa.go.jp/role/jppfs/rol_YearToQuarterEndConsolidatedStatementOfComprehensiveIncome" xlink:href="http://disclosure.edinet-fsa.go.jp/taxonomy/jppfs/2018-02-28/jppfs_rt_2018-02-28.xsd#rol_YearToQuarterEndConsolidatedStatementOfComprehensiveIncome" />  <link:roleRef xlink:type="simple" roleURI="http://disclosure.edinet-fsa.go.jp/role/jppfs/rol_YearToQuarterEndConsolidatedStatementOfIncome" xlink:href="http://disclosure.edinet-fsa.go.jp/taxonomy/jppfs/2018-02-28/jppfs_rt_2018-02-28.xsd#rol_YearToQuarterEndConsolidatedStatementOfIncome" />  <link:roleRef xlink:type="simple" roleURI="http://disclosure.edinet-fsa.go.jp/role/jppfs/rol_QuarterlyConsolidatedBalanceSheet" xlink:href="http://disclosure.edinet-fsa.go.jp/taxonomy/jppfs/2018-02-28/jppfs_rt_2018-02-28.xsd#rol_QuarterlyConsolidatedBalanceSheet" />  <link:roleRef xlink:type="simple" roleURI="http://disclosure.edinet-fsa.go.jp/jppfs/ConsolidatedQuarterly/role/totalLabel" xlink:href="http://disclosure.edinet-fsa.go.jp/taxonomy/jppfs/2018-02-28/jppfs_rt_2018-02-28.xsd#rol_ConsolidatedQuarterlyTotalLabel" />  <link:roleRef xlink:type="simple" roleURI="http://disclosure.edinet-fsa.go.jp/jppfs/ConsolidatedQuarterly/role/label" xlink:href="http://disclosure.edinet-fsa.go.jp/taxonomy/jppfs/2018-02-28/jppfs_rt_2018-02-28.xsd#rol_ConsolidatedQuarterlyLabel" />  <link:presentationLink xlink:type="extended" xlink:role="http://disclosure.edinet-fsa.go.jp/role/jppfs/rol_QuarterlyConsolidatedBalanceSheet">    <link:loc xlink:type="locator" xlink:href="http://disclosure.edinet-fsa.go.jp/taxonomy/jppfs/2018-02-28/jppfs_cor_2018-02-28.xsd#jppfs_cor_QuarterlyConsolidatedBalanceSheetHeading" xlink:label="QuarterlyConsolidatedBalanceSheetHeading" />    <link:loc xlink:type="locator" xlink:href="http://disclosure.edinet-fsa.go.jp/taxonomy/jppfs/2018-02-28/jppfs_cor_2018-02-28.xsd#jppfs_cor_BalanceSheetTable" xlink:label="BalanceSheetTable_2" />    <link:presentationArc xlink:type="arc" preferredLabel="http://disclosure.edinet-fsa.go.jp/jppfs/ConsolidatedQuarterly/role/label" xlink:arcrole="http://www.xbrl.org/2003/arcrole/parent-child" xlink:from="QuarterlyConsolidatedBalanceSheetHeading" xlink:to="BalanceSheetTable_2" order="1.0" />    <link:loc xlink:type="locator" xlink:href="http://disclosure.edinet-fsa.go.jp/taxonomy/jppfs/2018-02-28/jppfs_cor_2018-02-28.xsd#jppfs_cor_BalanceSheetTable" xlink:label="BalanceSheetTable" />    <link:loc xlink:type="locator" xlink:href="http://disclosure.edinet-fsa.go.jp/taxonomy/jppfs/2018-02-28/jppfs_cor_2018-02-28.xsd#jppfs_cor_ConsolidatedOrNonConsolidatedAxis" xlink:label="ConsolidatedOrNonConsolidatedAxis_2" />    <link:presentationArc xlink:type="arc" xlink:arcrole="http://www.xbrl.org/2003/arcrole/parent-child" xlink:from="BalanceSheetTable" xlink:to="ConsolidatedOrNonConsolidatedAxis_2" order="1.0" />    <link:loc xlink:type="locator" xlink:href="http://disclosure.edinet-fsa.go.jp/taxonomy/jppfs/2018-02-28/jppfs_cor_2018-02-28.xsd#jppfs_cor_ConsolidatedOrNonConsolidatedAxis" xlink:label="ConsolidatedOrNonConsolidatedAxis" />    <link:loc xlink:type="locator" xlink:href="http://disclosure.edinet-fsa.go.jp/taxonomy/jppfs/2018-02-28/jppfs_cor_2018-02-28.xsd#jppfs_cor_ConsolidatedMember" xlink:label="ConsolidatedMember" />    <link:presentationArc xlink:type="arc" xlink:arcrole="http://www.xbrl.org/2003/arcrole/parent-child" xlink:from="ConsolidatedOrNonConsolidatedAxis" xlink:to="ConsolidatedMember" order="1.0" />    <link:loc xlink:type="locator" xlink:href="http://disclosure.edinet-fsa.go.jp/taxonomy/jppfs/2018-02-28/jppfs_cor_2018-02-28.xsd#jppfs_cor_BalanceSheetLineItems" xlink:label="BalanceSheetLineItems_2" />    <link:presentationArc xlink:type="arc" preferredLabel="http://disclosure.edinet-fsa.go.jp/jppfs/ConsolidatedQuarterly/role/label" xlink:arcrole="http://www.xbrl.org/2003/arcrole/parent-child" xlink:from="QuarterlyConsolidatedBalanceSheetHeading" xlink:to="BalanceSheetLineItems_2" order="2.0" />    <link:loc xlink:type="locator" xlink:href="http://disclosure.edinet-fsa.go.jp/taxonomy/jppfs/2018-02-28/jppfs_cor_2018-02-28.xsd#jppfs_cor_BalanceSheetLineItems" xlink:label="BalanceSheetLineItems" />    <link:loc xlink:type="locator" xlink:href="http://disclosure.edinet-fsa.go.jp/taxonomy/jppfs/2018-02-28/jppfs_cor_2018-02-28.xsd#jppfs_cor_AssetsAbstract" xlink:label="AssetsAbstract_2" />    <link:presentationArc xlink:type="arc" xlink:arcrole="http://www.xbrl.org/2003/arcrole/parent-child" xlink:from="BalanceSheetLineItems" xlink:to="AssetsAbstract_2" order="1.0" />    <link:loc xlink:type="locator" xlink:href="http://disclosure.edinet-fsa.go.jp/taxonomy/jppfs/2018-02-28/jppfs_cor_2018-02-28.xsd#jppfs_cor_AssetsAbstract" xlink:label="AssetsAbstract" />    <link:loc xlink:type="locator" xlink:href="http://disclosure.edinet-fsa.go.jp/taxonomy/jppfs/2018-02-28/jppfs_cor_2018-02-28.xsd#jppfs_cor_CurrentAssetsAbstract" xlink:label="CurrentAssetsAbstract_2" />    <link:presentationArc xlink:type="arc" xlink:arcrole="http://www.xbrl.org/2003/arcrole/parent-child" xlink:from="AssetsAbstract" xlink:to="CurrentAssetsAbstract_2" order="1.0" />    <link:loc xlink:type="locator" xlink:href="http://disclosure.edinet-fsa.go.jp/taxonomy/jppfs/2018-02-28/jppfs_cor_2018-02-28.xsd#jppfs_cor_CurrentAssetsAbstract" xlink:label="CurrentAssetsAbstract" />    <link:loc xlink:type="locator" xlink:href="http://disclosure.edinet-fsa.go.jp/taxonomy/jppfs/2018-02-28/jppfs_cor_2018-02-28.xsd#jppfs_cor_CashAndDeposits" xlink:label="CashAndDeposits" />    <link:presentationArc xlink:type="arc" xlink:arcrole="http://www.xbrl.org/2003/arcrole/parent-child" xlink:from="CurrentAssetsAbstract" xlink:to="CashAndDeposits" order="1.0" />    <link:loc xlink:type="locator" xlink:href="http://disclosure.edinet-fsa.go.jp/taxonomy/jppfs/2018-02-28/jppfs_cor_2018-02-28.xsd#jppfs_cor_NotesAndAccountsReceivableTrade" xlink:label="NotesAndAccountsReceivableTrade" />    <link:presentationArc xlink:type="arc" xlink:arcrole="http://www.xbrl.org/2003/arcrole/parent-child" xlink:from="CurrentAssetsAbstract" xlink:to="NotesAndAccountsReceivableTrade" order="2.0" />    <link:loc xlink:type="locator" xlink:href="http://disclosure.edinet-fsa.go.jp/taxonomy/jppfs/2018-02-28/jppfs_cor_2018-02-28.xsd#jppfs_cor_ElectronicallyRecordedMonetaryClaimsOperatingCA" xlink:label="ElectronicallyRecordedMonetaryClaimsOperatingCA" />    <link:presentationArc xlink:type="arc" xlink:arcrole="http://www.xbrl.org/2003/arcrole/parent-child" xlink:from="CurrentAssetsAbstract" xlink:to="ElectronicallyRecordedMonetaryClaimsOperatingCA" order="2.5" />    <link:loc xlink:type="locator" xlink:href="http://disclosure.edinet-fsa.go.jp/taxonomy/jppfs/2018-02-28/jppfs_cor_2018-02-28.xsd#jppfs_cor_ShortTermInvestmentSecurities" xlink:label="ShortTermInvestmentSecurities" />    <link:presentationArc xlink:type="arc" xlink:arcrole="http://www.xbrl.org/2003/arcrole/parent-child" xlink:from="CurrentAssetsAbstract" xlink:to="ShortTermInvestmentSecurities" order="3.0" />    <link:loc xlink:type="locator" xlink:href="http://disclosure.edinet-fsa.go.jp/taxonomy/jppfs/2018-02-28/jppfs_cor_2018-02-28.xsd#jppfs_cor_SemiFinishedGoods" xlink:label="SemiFinishedGoods" />    <link:presentationArc xlink:type="arc" xlink:arcrole="http://www.xbrl.org/2003/arcrole/parent-child" xlink:from="CurrentAssetsAbstract" xlink:to="SemiFinishedGoods" order="5.0" />    <link:loc xlink:type="locator" xlink:href="http://disclosure.edinet-fsa.go.jp/taxonomy/jppfs/2018-02-28/jppfs_cor_2018-02-28.xsd#jppfs_cor_WorkInProcess" xlink:label="WorkInProcess" />    <link:presentationArc xlink:type="arc" xlink:arcrole="http://www.xbrl.org/2003/arcrole/parent-child" xlink:from="CurrentAssetsAbstract" xlink:to="WorkInProcess" order="7.0" />    <link:loc xlink:type="locator" xlink:href="http://disclosure.edinet-fsa.go.jp/taxonomy/jppfs/2018-02-28/jppfs_cor_2018-02-28.xsd#jppfs_cor_RawMaterialsAndSupplies" xlink:label="RawMaterialsAndSupplies" />    <link:presentationArc xlink:type="arc" xlink:arcrole="http://www.xbrl.org/2003/arcrole/parent-child" xlink:from="CurrentAssetsAbstract" xlink:to="RawMaterialsAndSupplies" order="9.0" />    <link:loc xlink:type="locator" xlink:href="http://disclosure.edinet-fsa.go.jp/taxonomy/jppfs/2018-02-28/jppfs_cor_2018-02-28.xsd#jppfs_cor_OtherCA" xlink:label="OtherCA" />    <link:presentationArc xlink:type="arc" xlink:arcrole="http://www.xbrl.org/2003/arcrole/parent-child" xlink:from="CurrentAssetsAbstract" xlink:to="OtherCA" order="11.0" />    <link:loc xlink:type="locator" xlink:href="http://disclosure.edinet-fsa.go.jp/taxonomy/jppfs/2018-02-28/jppfs_cor_2018-02-28.xsd#jppfs_cor_AllowanceForDoubtfulAccountsCA" xlink:label="AllowanceForDoubtfulAccountsCA" />    <link:presentationArc xlink:type="arc" xlink:arcrole="http://www.xbrl.org/2003/arcrole/parent-child" xlink:from="CurrentAssetsAbstract" xlink:to="AllowanceForDoubtfulAccountsCA" order="12.0" />    <link:loc xlink:type="locator" xlink:href="http://disclosure.edinet-fsa.go.jp/taxonomy/jppfs/2018-02-28/jppfs_cor_2018-02-28.xsd#jppfs_cor_CurrentAssets" xlink:label="CurrentAssets" />    <link:presentationArc xlink:type="arc" preferredLabel="http://www.xbrl.org/2003/role/totalLabel" xlink:arcrole="http://www.xbrl.org/2003/arcrole/parent-child" xlink:from="CurrentAssetsAbstract" xlink:to="CurrentAssets" order="13.0" />    <link:loc xlink:type="locator" xlink:href="http://disclosure.edinet-fsa.go.jp/taxonomy/jppfs/2018-02-28/jppfs_cor_2018-02-28.xsd#jppfs_cor_NoncurrentAssetsAbstract" xlink:label="NoncurrentAssetsAbstract_2" />    <link:presentationArc xlink:type="arc" xlink:arcrole="http://www.xbrl.org/2003/arcrole/parent-child" xlink:from="AssetsAbstract" xlink:to="NoncurrentAssetsAbstract_2" order="2.0" />    <link:loc xlink:type="locator" xlink:href="http://disclosure.edinet-fsa.go.jp/taxonomy/jppfs/2018-02-28/jppfs_cor_2018-02-28.xsd#jppfs_cor_NoncurrentAssetsAbstract" xlink:label="NoncurrentAssetsAbstract" />    <link:loc xlink:type="locator" xlink:href="http://disclosure.edinet-fsa.go.jp/taxonomy/jppfs/2018-02-28/jppfs_cor_2018-02-28.xsd#jppfs_cor_PropertyPlantAndEquipmentAbstract" xlink:label="PropertyPlantAndEquipmentAbstract_2" />    <link:presentationArc xlink:type="arc" xlink:arcrole="http://www.xbrl.org/2003/arcrole/parent-child" xlink:from="NoncurrentAssetsAbstract" xlink:to="PropertyPlantAndEquipmentAbstract_2" order="1.0" />    <link:loc xlink:type="locator" xlink:href="http://disclosure.edinet-fsa.go.jp/taxonomy/jppfs/2018-02-28/jppfs_cor_2018-02-28.xsd#jppfs_cor_PropertyPlantAndEquipmentAbstract" xlink:label="PropertyPlantAndEquipmentAbstract" />    <link:loc xlink:type="locator" xlink:href="http://disclosure.edinet-fsa.go.jp/taxonomy/jppfs/2018-02-28/jppfs_cor_2018-02-28.xsd#jppfs_cor_BuildingsAndStructuresNet" xlink:label="BuildingsAndStructuresNet" />    <link:presentationArc xlink:type="arc" xlink:arcrole="http://www.xbrl.org/2003/arcrole/parent-child" xlink:from="PropertyPlantAndEquipmentAbstract" xlink:to="BuildingsAndStructuresNet" order="1.0" />    <link:loc xlink:type="locator" xlink:href="http://disclosure.edinet-fsa.go.jp/taxonomy/jppfs/2018-02-28/jppfs_cor_2018-02-28.xsd#jppfs_cor_MachineryEquipmentAndVehiclesNet" xlink:label="MachineryEquipmentAndVehiclesNet" />    <link:presentationArc xlink:type="arc" xlink:arcrole="http://www.xbrl.org/2003/arcrole/parent-child" xlink:from="PropertyPlantAndEquipmentAbstract" xlink:to="MachineryEquipmentAndVehiclesNet" order="2.0" />    <link:loc xlink:type="locator" xlink:href="http://disclosure.edinet-fsa.go.jp/taxonomy/jppfs/2018-02-28/jppfs_cor_2018-02-28.xsd#jppfs_cor_Land" xlink:label="Land" />    <link:presentationArc xlink:type="arc" xlink:arcrole="http://www.xbrl.org/2003/arcrole/parent-child" xlink:from="PropertyPlantAndEquipmentAbstract" xlink:to="Land" order="3.0" />    <link:loc xlink:type="locator" xlink:href="http://disclosure.edinet-fsa.go.jp/taxonomy/jppfs/2018-02-28/jppfs_cor_2018-02-28.xsd#jppfs_cor_ConstructionInProgress" xlink:label="ConstructionInProgress" />    <link:presentationArc xlink:type="arc" xlink:arcrole="http://www.xbrl.org/2003/arcrole/parent-child" xlink:from="PropertyPlantAndEquipmentAbstract" xlink:to="ConstructionInProgress" order="4.0" />    <link:loc xlink:type="locator" xlink:href="http://disclosure.edinet-fsa.go.jp/taxonomy/jppfs/2018-02-28/jppfs_cor_2018-02-28.xsd#jppfs_cor_OtherNetPPE" xlink:label="OtherNetPPE" />    <link:presentationArc xlink:type="arc" xlink:arcrole="http://www.xbrl.org/2003/arcrole/parent-child" xlink:from="PropertyPlantAndEquipmentAbstract" xlink:to="OtherNetPPE" order="5.0" />    <link:loc xlink:type="locator" xlink:href="http://disclosure.edinet-fsa.go.jp/taxonomy/jppfs/2018-02-28/jppfs_cor_2018-02-28.xsd#jppfs_cor_PropertyPlantAndEquipment" xlink:label="PropertyPlantAndEquipment" />    <link:presentationArc xlink:type="arc" preferredLabel="http://www.xbrl.org/2003/role/totalLabel" xlink:arcrole="http://www.xbrl.org/2003/arcrole/parent-child" xlink:from="PropertyPlantAndEquipmentAbstract" xlink:to="PropertyPlantAndEquipment" order="6.0" />    <link:loc xlink:type="locator" xlink:href="http://disclosure.edinet-fsa.go.jp/taxonomy/jppfs/2018-02-28/jppfs_cor_2018-02-28.xsd#jppfs_cor_IntangibleAssets" xlink:label="IntangibleAssets" />    <link:presentationArc xlink:type="arc" xlink:arcrole="http://www.xbrl.org/2003/arcrole/parent-child" xlink:from="NoncurrentAssetsAbstract" xlink:to="IntangibleAssets" order="2.0" />    <link:loc xlink:type="locator" xlink:href="http://disclosure.edinet-fsa.go.jp/taxonomy/jppfs/2018-02-28/jppfs_cor_2018-02-28.xsd#jppfs_cor_InvestmentsAndOtherAssetsAbstract" xlink:label="InvestmentsAndOtherAssetsAbstract_2" />    <link:presentationArc xlink:type="arc" xlink:arcrole="http://www.xbrl.org/2003/arcrole/parent-child" xlink:from="NoncurrentAssetsAbstract" xlink:to="InvestmentsAndOtherAssetsAbstract_2" order="3.0" />    <link:loc xlink:type="locator" xlink:href="http://disclosure.edinet-fsa.go.jp/taxonomy/jppfs/2018-02-28/jppfs_cor_2018-02-28.xsd#jppfs_cor_InvestmentsAndOtherAssetsAbstract" xlink:label="InvestmentsAndOtherAssetsAbstract" />    <link:loc xlink:type="locator" xlink:href="http://disclosure.edinet-fsa.go.jp/taxonomy/jppfs/2018-02-28/jppfs_cor_2018-02-28.xsd#jppfs_cor_InvestmentSecurities" xlink:label="InvestmentSecurities" />    <link:presentationArc xlink:type="arc" xlink:arcrole="http://www.xbrl.org/2003/arcrole/parent-child" xlink:from="InvestmentsAndOtherAssetsAbstract" xlink:to="InvestmentSecurities" order="1.0" />    <link:loc xlink:type="locator" xlink:href="http://disclosure.edinet-fsa.go.jp/taxonomy/jppfs/2018-02-28/jppfs_cor_2018-02-28.xsd#jppfs_cor_DeferredTaxAssetsIOA" xlink:label="DeferredTaxAssetsIOA" />    <link:presentationArc xlink:type="arc" xlink:arcrole="http://www.xbrl.org/2003/arcrole/parent-child" xlink:from="InvestmentsAndOtherAssetsAbstract" xlink:to="DeferredTaxAssetsIOA" order="1.5" />    <link:loc xlink:type="locator" xlink:href="http://disclosure.edinet-fsa.go.jp/taxonomy/jppfs/2018-02-28/jppfs_cor_2018-02-28.xsd#jppfs_cor_NetDefinedBenefitAsset" xlink:label="NetDefinedBenefitAsset" />    <link:presentationArc xlink:type="arc" xlink:arcrole="http://www.xbrl.org/2003/arcrole/parent-child" xlink:from="InvestmentsAndOtherAssetsAbstract" xlink:to="NetDefinedBenefitAsset" order="2.0" />    <link:loc xlink:type="locator" xlink:href="http://disclosure.edinet-fsa.go.jp/taxonomy/jppfs/2018-02-28/jppfs_cor_2018-02-28.xsd#jppfs_cor_OtherIOA" xlink:label="OtherIOA" />    <link:presentationArc xlink:type="arc" xlink:arcrole="http://www.xbrl.org/2003/arcrole/parent-child" xlink:from="InvestmentsAndOtherAssetsAbstract" xlink:to="OtherIOA" order="3.0" />    <link:loc xlink:type="locator" xlink:href="http://disclosure.edinet-fsa.go.jp/taxonomy/jppfs/2018-02-28/jppfs_cor_2018-02-28.xsd#jppfs_cor_AllowanceForDoubtfulAccountsIOAByGroup" xlink:label="AllowanceForDoubtfulAccountsIOAByGroup" />    <link:presentationArc xlink:type="arc" xlink:arcrole="http://www.xbrl.org/2003/arcrole/parent-child" xlink:from="InvestmentsAndOtherAssetsAbstract" xlink:to="AllowanceForDoubtfulAccountsIOAByGroup" order="4.0" />    <link:loc xlink:type="locator" xlink:href="http://disclosure.edinet-fsa.go.jp/taxonomy/jppfs/2018-02-28/jppfs_cor_2018-02-28.xsd#jppfs_cor_InvestmentsAndOtherAssets" xlink:label="InvestmentsAndOtherAssets" />    <link:presentationArc xlink:type="arc" preferredLabel="http://www.xbrl.org/2003/role/totalLabel" xlink:arcrole="http://www.xbrl.org/2003/arcrole/parent-child" xlink:from="InvestmentsAndOtherAssetsAbstract" xlink:to="InvestmentsAndOtherAssets" order="5.0" />    <link:loc xlink:type="locator" xlink:href="http://disclosure.edinet-fsa.go.jp/taxonomy/jppfs/2018-02-28/jppfs_cor_2018-02-28.xsd#jppfs_cor_NoncurrentAssets" xlink:label="NoncurrentAssets" />    <link:presentationArc xlink:type="arc" preferredLabel="http://www.xbrl.org/2003/role/totalLabel" xlink:arcrole="http://www.xbrl.org/2003/arcrole/parent-child" xlink:from="NoncurrentAssetsAbstract" xlink:to="NoncurrentAssets" order="4.0" />    <link:loc xlink:type="locator" xlink:href="http://disclosure.edinet-fsa.go.jp/taxonomy/jppfs/2018-02-28/jppfs_cor_2018-02-28.xsd#jppfs_cor_Assets" xlink:label="Assets" />    <link:presentationArc xlink:type="arc" preferredLabel="http://www.xbrl.org/2003/role/totalLabel" xlink:arcrole="http://www.xbrl.org/2003/arcrole/parent-child" xlink:from="AssetsAbstract" xlink:to="Assets" order="3.0" />    <link:loc xlink:type="locator" xlink:href="http://disclosure.edinet-fsa.go.jp/taxonomy/jppfs/2018-02-28/jppfs_cor_2018-02-28.xsd#jppfs_cor_LiabilitiesAbstract" xlink:label="LiabilitiesAbstract_2" />    <link:presentationArc xlink:type="arc" xlink:arcrole="http://www.xbrl.org/2003/arcrole/parent-child" xlink:from="BalanceSheetLineItems" xlink:to="LiabilitiesAbstract_2" order="2.0" />    <link:loc xlink:type="locator" xlink:href="http://disclosure.edinet-fsa.go.jp/taxonomy/jppfs/2018-02-28/jppfs_cor_2018-02-28.xsd#jppfs_cor_LiabilitiesAbstract" xlink:label="LiabilitiesAbstract" />    <link:loc xlink:type="locator" xlink:href="http://disclosure.edinet-fsa.go.jp/taxonomy/jppfs/2018-02-28/jppfs_cor_2018-02-28.xsd#jppfs_cor_CurrentLiabilitiesAbstract" xlink:label="CurrentLiabilitiesAbstract_2" />    <link:presentationArc xlink:type="arc" xlink:arcrole="http://www.xbrl.org/2003/arcrole/parent-child" xlink:from="LiabilitiesAbstract" xlink:to="CurrentLiabilitiesAbstract_2" order="1.0" />    <link:loc xlink:type="locator" xlink:href="http://disclosure.edinet-fsa.go.jp/taxonomy/jppfs/2018-02-28/jppfs_cor_2018-02-28.xsd#jppfs_cor_CurrentLiabilitiesAbstract" xlink:label="CurrentLiabilitiesAbstract" />    <link:loc xlink:type="locator" xlink:href="http://disclosure.edinet-fsa.go.jp/taxonomy/jppfs/2018-02-28/jppfs_cor_2018-02-28.xsd#jppfs_cor_AccountsPayableTrade" xlink:label="AccountsPayableTrade" />    <link:presentationArc xlink:type="arc" xlink:arcrole="http://www.xbrl.org/2003/arcrole/parent-child" xlink:from="CurrentLiabilitiesAbstract" xlink:to="AccountsPayableTrade" order="1.0" />    <link:loc xlink:type="locator" xlink:href="http://disclosure.edinet-fsa.go.jp/taxonomy/jppfs/2018-02-28/jppfs_cor_2018-02-28.xsd#jppfs_cor_ShortTermLoansPayable" xlink:label="ShortTermLoansPayable" />    <link:presentationArc xlink:type="arc" xlink:arcrole="http://www.xbrl.org/2003/arcrole/parent-child" xlink:from="CurrentLiabilitiesAbstract" xlink:to="ShortTermLoansPayable" order="2.0" />    <link:loc xlink:type="locator" xlink:href="http://disclosure.edinet-fsa.go.jp/taxonomy/jppfs/2018-02-28/jppfs_cor_2018-02-28.xsd#jppfs_cor_IncomeTaxesPayable" xlink:label="IncomeTaxesPayable" />    <link:presentationArc xlink:type="arc" xlink:arcrole="http://www.xbrl.org/2003/arcrole/parent-child" xlink:from="CurrentLiabilitiesAbstract" xlink:to="IncomeTaxesPayable" order="3.0" />    <link:loc xlink:type="locator" xlink:href="http://disclosure.edinet-fsa.go.jp/taxonomy/jppfs/2018-02-28/jppfs_cor_2018-02-28.xsd#jppfs_cor_ProvisionForBonuses" xlink:label="ProvisionForBonuses" />    <link:presentationArc xlink:type="arc" xlink:arcrole="http://www.xbrl.org/2003/arcrole/parent-child" xlink:from="CurrentLiabilitiesAbstract" xlink:to="ProvisionForBonuses" order="4.15625" />    <link:loc xlink:type="locator" xlink:href="http://disclosure.edinet-fsa.go.jp/taxonomy/jppfs/2018-02-28/jppfs_cor_2018-02-28.xsd#jppfs_cor_ProvisionForDirectorsBonuses" xlink:label="ProvisionForDirectorsBonuses" />    <link:presentationArc xlink:type="arc" xlink:arcrole="http://www.xbrl.org/2003/arcrole/parent-child" xlink:from="CurrentLiabilitiesAbstract" xlink:to="ProvisionForDirectorsBonuses" order="5.328125" />    <link:loc xlink:type="locator" xlink:href="http://disclosure.edinet-fsa.go.jp/taxonomy/jppfs/2018-02-28/jppfs_cor_2018-02-28.xsd#jppfs_cor_ProvisionForProductWarranties" xlink:label="ProvisionForProductWarranties" />    <link:presentationArc xlink:type="arc" xlink:arcrole="http://www.xbrl.org/2003/arcrole/parent-child" xlink:from="CurrentLiabilitiesAbstract" xlink:to="ProvisionForProductWarranties" order="6.500000" />    <link:loc xlink:type="locator" xlink:href="http://disclosure.edinet-fsa.go.jp/taxonomy/jppfs/2018-02-28/jppfs_cor_2018-02-28.xsd#jppfs_cor_AccountsPayableOther" xlink:label="AccountsPayableOther" />    <link:presentationArc xlink:type="arc" xlink:arcrole="http://www.xbrl.org/2003/arcrole/parent-child" xlink:from="CurrentLiabilitiesAbstract" xlink:to="AccountsPayableOther" order="7.66796875" />    <link:loc xlink:type="locator" xlink:href="http://disclosure.edinet-fsa.go.jp/taxonomy/jppfs/2018-02-28/jppfs_cor_2018-02-28.xsd#jppfs_cor_AdvancesReceived" xlink:label="AdvancesReceived" />    <link:presentationArc xlink:type="arc" xlink:arcrole="http://www.xbrl.org/2003/arcrole/parent-child" xlink:from="CurrentLiabilitiesAbstract" xlink:to="AdvancesReceived" order="8.833984375" />    <link:loc xlink:type="locator" xlink:href="http://disclosure.edinet-fsa.go.jp/taxonomy/jppfs/2018-02-28/jppfs_cor_2018-02-28.xsd#jppfs_cor_OtherCL" xlink:label="OtherCL" />    <link:presentationArc xlink:type="arc" xlink:arcrole="http://www.xbrl.org/2003/arcrole/parent-child" xlink:from="CurrentLiabilitiesAbstract" xlink:to="OtherCL" order="10.0" />    <link:loc xlink:type="locator" xlink:href="http://disclosure.edinet-fsa.go.jp/taxonomy/jppfs/2018-02-28/jppfs_cor_2018-02-28.xsd#jppfs_cor_CurrentLiabilities" xlink:label="CurrentLiabilities" />    <link:presentationArc xlink:type="arc" preferredLabel="http://www.xbrl.org/2003/role/totalLabel" xlink:arcrole="http://www.xbrl.org/2003/arcrole/parent-child" xlink:from="CurrentLiabilitiesAbstract" xlink:to="CurrentLiabilities" order="11.0" />    <link:loc xlink:type="locator" xlink:href="http://disclosure.edinet-fsa.go.jp/taxonomy/jppfs/2018-02-28/jppfs_cor_2018-02-28.xsd#jppfs_cor_NoncurrentLiabilitiesAbstract" xlink:label="NoncurrentLiabilitiesAbstract_2" />    <link:presentationArc xlink:type="arc" xlink:arcrole="http://www.xbrl.org/2003/arcrole/parent-child" xlink:from="LiabilitiesAbstract" xlink:to="NoncurrentLiabilitiesAbstract_2" order="2.0" />    <link:loc xlink:type="locator" xlink:href="http://disclosure.edinet-fsa.go.jp/taxonomy/jppfs/2018-02-28/jppfs_cor_2018-02-28.xsd#jppfs_cor_NoncurrentLiabilitiesAbstract" xlink:label="NoncurrentLiabilitiesAbstract" />    <link:loc xlink:type="locator" xlink:href="http://disclosure.edinet-fsa.go.jp/taxonomy/jppfs/2018-02-28/jppfs_cor_2018-02-28.xsd#jppfs_cor_DeferredTaxLiabilitiesNCL" xlink:label="DeferredTaxLiabilitiesNCL" />    <link:presentationArc xlink:type="arc" xlink:arcrole="http://www.xbrl.org/2003/arcrole/parent-child" xlink:from="NoncurrentLiabilitiesAbstract" xlink:to="DeferredTaxLiabilitiesNCL" order="0.78125" />    <link:loc xlink:type="locator" xlink:href="http://disclosure.edinet-fsa.go.jp/taxonomy/jppfs/2018-02-28/jppfs_cor_2018-02-28.xsd#jppfs_cor_NetDefinedBenefitLiability" xlink:label="NetDefinedBenefitLiability" />    <link:presentationArc xlink:type="arc" xlink:arcrole="http://www.xbrl.org/2003/arcrole/parent-child" xlink:from="NoncurrentLiabilitiesAbstract" xlink:to="NetDefinedBenefitLiability" order="1.1171875" />    <link:loc xlink:type="locator" xlink:href="tse-qcedjpfr-61590-2019-02-28-01-2019-04-09.xsd#tse-qcedjpfr-61590_ProvisionForEmployeeStockOwnershipPlanTrustNCL" xlink:label="ProvisionForEmployeeStockOwnershipPlanTrustNCL" />    <link:presentationArc xlink:type="arc" preferredLabel="http://www.xbrl.org/2003/role/label" xlink:arcrole="http://www.xbrl.org/2003/arcrole/parent-child" xlink:from="NoncurrentLiabilitiesAbstract" xlink:to="ProvisionForEmployeeStockOwnershipPlanTrustNCL" order="1.453125" />    <link:loc xlink:type="locator" xlink:href="tse-qcedjpfr-61590-2019-02-28-01-2019-04-09.xsd#tse-qcedjpfr-61590_ProvisionForManagementBoardIncentivePlanTrustNCL" xlink:label="ProvisionForManagementBoardIncentivePlanTrustNCL" />    <link:presentationArc xlink:type="arc" preferredLabel="http://www.xbrl.org/2003/role/label" xlink:arcrole="http://www.xbrl.org/2003/arcrole/parent-child" xlink:from="NoncurrentLiabilitiesAbstract" xlink:to="ProvisionForManagementBoardIncentivePlanTrustNCL" order="2.7265625" />    <link:loc xlink:type="locator" xlink:href="http://disclosure.edinet-fsa.go.jp/taxonomy/jppfs/2018-02-28/jppfs_cor_2018-02-28.xsd#jppfs_cor_LongTermAccountsPayableOther" xlink:label="LongTermAccountsPayableOther" />    <link:presentationArc xlink:type="arc" xlink:arcrole="http://www.xbrl.org/2003/arcrole/parent-child" xlink:from="NoncurrentLiabilitiesAbstract" xlink:to="LongTermAccountsPayableOther" order="4.36328125" />    <link:loc xlink:type="locator" xlink:href="http://disclosure.edinet-fsa.go.jp/taxonomy/jppfs/2018-02-28/jppfs_cor_2018-02-28.xsd#jppfs_cor_NoncurrentLiabilities" xlink:label="NoncurrentLiabilities" />    <link:presentationArc xlink:type="arc" preferredLabel="http://www.xbrl.org/2003/role/totalLabel" xlink:arcrole="http://www.xbrl.org/2003/arcrole/parent-child" xlink:from="NoncurrentLiabilitiesAbstract" xlink:to="NoncurrentLiabilities" order="6.0" />    <link:loc xlink:type="locator" xlink:href="http://disclosure.edinet-fsa.go.jp/taxonomy/jppfs/2018-02-28/jppfs_cor_2018-02-28.xsd#jppfs_cor_Liabilities" xlink:label="Liabilities" />    <link:presentationArc xlink:type="arc" preferredLabel="http://www.xbrl.org/2003/role/totalLabel" xlink:arcrole="http://www.xbrl.org/2003/arcrole/parent-child" xlink:from="LiabilitiesAbstract" xlink:to="Liabilities" order="3.0" />    <link:loc xlink:type="locator" xlink:href="http://disclosure.edinet-fsa.go.jp/taxonomy/jppfs/2018-02-28/jppfs_cor_2018-02-28.xsd#jppfs_cor_NetAssetsAbstract" xlink:label="NetAssetsAbstract_2" />    <link:presentationArc xlink:type="arc" xlink:arcrole="http://www.xbrl.org/2003/arcrole/parent-child" xlink:from="BalanceSheetLineItems" xlink:to="NetAssetsAbstract_2" order="3.0" />    <link:loc xlink:type="locator" xlink:href="http://disclosure.edinet-fsa.go.jp/taxonomy/jppfs/2018-02-28/jppfs_cor_2018-02-28.xsd#jppfs_cor_NetAssetsAbstract" xlink:label="NetAssetsAbstract" />    <link:loc xlink:type="locator" xlink:href="http://disclosure.edinet-fsa.go.jp/taxonomy/jppfs/2018-02-28/jppfs_cor_2018-02-28.xsd#jppfs_cor_ShareholdersEquityAbstract" xlink:label="ShareholdersEquityAbstract_2" />    <link:presentationArc xlink:type="arc" xlink:arcrole="http://www.xbrl.org/2003/arcrole/parent-child" xlink:from="NetAssetsAbstract" xlink:to="ShareholdersEquityAbstract_2" order="1.0" />    <link:loc xlink:type="locator" xlink:href="http://disclosure.edinet-fsa.go.jp/taxonomy/jppfs/2018-02-28/jppfs_cor_2018-02-28.xsd#jppfs_cor_ShareholdersEquityAbstract" xlink:label="ShareholdersEquityAbstract" />    <link:loc xlink:type="locator" xlink:href="http://disclosure.edinet-fsa.go.jp/taxonomy/jppfs/2018-02-28/jppfs_cor_2018-02-28.xsd#jppfs_cor_CapitalStock" xlink:label="CapitalStock" />    <link:presentationArc xlink:type="arc" xlink:arcrole="http://www.xbrl.org/2003/arcrole/parent-child" xlink:from="ShareholdersEquityAbstract" xlink:to="CapitalStock" order="1.0" />    <link:loc xlink:type="locator" xlink:href="http://disclosure.edinet-fsa.go.jp/taxonomy/jppfs/2018-02-28/jppfs_cor_2018-02-28.xsd#jppfs_cor_CapitalSurplus" xlink:label="CapitalSurplus" />    <link:presentationArc xlink:type="arc" xlink:arcrole="http://www.xbrl.org/2003/arcrole/parent-child" xlink:from="ShareholdersEquityAbstract" xlink:to="CapitalSurplus" order="2.0" />    <link:loc xlink:type="locator" xlink:href="http://disclosure.edinet-fsa.go.jp/taxonomy/jppfs/2018-02-28/jppfs_cor_2018-02-28.xsd#jppfs_cor_RetainedEarnings" xlink:label="RetainedEarnings" />    <link:presentationArc xlink:type="arc" xlink:arcrole="http://www.xbrl.org/2003/arcrole/parent-child" xlink:from="ShareholdersEquityAbstract" xlink:to="RetainedEarnings" order="3.0" />    <link:loc xlink:type="locator" xlink:href="http://disclosure.edinet-fsa.go.jp/taxonomy/jppfs/2018-02-28/jppfs_cor_2018-02-28.xsd#jppfs_cor_TreasuryStock" xlink:label="TreasuryStock" />    <link:presentationArc xlink:type="arc" xlink:arcrole="http://www.xbrl.org/2003/arcrole/parent-child" xlink:from="ShareholdersEquityAbstract" xlink:to="TreasuryStock" order="4.0" />    <link:loc xlink:type="locator" xlink:href="http://disclosure.edinet-fsa.go.jp/taxonomy/jppfs/2018-02-28/jppfs_cor_2018-02-28.xsd#jppfs_cor_ShareholdersEquity" xlink:label="ShareholdersEquity" />    <link:presentationArc xlink:type="arc" preferredLabel="http://www.xbrl.org/2003/role/totalLabel" xlink:arcrole="http://www.xbrl.org/2003/arcrole/parent-child" xlink:from="ShareholdersEquityAbstract" xlink:to="ShareholdersEquity" order="5.0" />    <link:loc xlink:type="locator" xlink:href="http://disclosure.edinet-fsa.go.jp/taxonomy/jppfs/2018-02-28/jppfs_cor_2018-02-28.xsd#jppfs_cor_ValuationAndTranslationAdjustmentsAbstract" xlink:label="ValuationAndTranslationAdjustmentsAbstract_2" />    <link:presentationArc xlink:type="arc" preferredLabel="http://disclosure.edinet-fsa.go.jp/jppfs/ConsolidatedQuarterly/role/label" xlink:arcrole="http://www.xbrl.org/2003/arcrole/parent-child" xlink:from="NetAssetsAbstract" xlink:to="ValuationAndTranslationAdjustmentsAbstract_2" order="2.0" />    <link:loc xlink:type="locator" xlink:href="http://disclosure.edinet-fsa.go.jp/taxonomy/jppfs/2018-02-28/jppfs_cor_2018-02-28.xsd#jppfs_cor_ValuationAndTranslationAdjustmentsAbstract" xlink:label="ValuationAndTranslationAdjustmentsAbstract" />    <link:loc xlink:type="locator" xlink:href="http://disclosure.edinet-fsa.go.jp/taxonomy/jppfs/2018-02-28/jppfs_cor_2018-02-28.xsd#jppfs_cor_ValuationDifferenceOnAvailableForSaleSecurities" xlink:label="ValuationDifferenceOnAvailableForSaleSecurities" />    <link:presentationArc xlink:type="arc" xlink:arcrole="http://www.xbrl.org/2003/arcrole/parent-child" xlink:from="ValuationAndTranslationAdjustmentsAbstract" xlink:to="ValuationDifferenceOnAvailableForSaleSecurities" order="1.0" />    <link:loc xlink:type="locator" xlink:href="http://disclosure.edinet-fsa.go.jp/taxonomy/jppfs/2018-02-28/jppfs_cor_2018-02-28.xsd#jppfs_cor_ForeignCurrencyTranslationAdjustment" xlink:label="ForeignCurrencyTranslationAdjustment" />    <link:presentationArc xlink:type="arc" xlink:arcrole="http://www.xbrl.org/2003/arcrole/parent-child" xlink:from="ValuationAndTranslationAdjustmentsAbstract" xlink:to="ForeignCurrencyTranslationAdjustment" order="2.0" />    <link:loc xlink:type="locator" xlink:href="http://disclosure.edinet-fsa.go.jp/taxonomy/jppfs/2018-02-28/jppfs_cor_2018-02-28.xsd#jppfs_cor_ValuationAndTranslationAdjustments" xlink:label="ValuationAndTranslationAdjustments" />    <link:presentationArc xlink:type="arc" preferredLabel="http://disclosure.edinet-fsa.go.jp/jppfs/ConsolidatedQuarterly/role/totalLabel" xlink:arcrole="http://www.xbrl.org/2003/arcrole/parent-child" xlink:from="ValuationAndTranslationAdjustmentsAbstract" xlink:to="ValuationAndTranslationAdjustments" order="4.0" />    <link:loc xlink:type="locator" xlink:href="http://disclosure.edinet-fsa.go.jp/taxonomy/jppfs/2018-02-28/jppfs_cor_2018-02-28.xsd#jppfs_cor_NonControllingInterests" xlink:label="NonControllingInterests" />    <link:presentationArc xlink:type="arc" xlink:arcrole="http://www.xbrl.org/2003/arcrole/parent-child" xlink:from="NetAssetsAbstract" xlink:to="NonControllingInterests" order="3.0" />    <link:loc xlink:type="locator" xlink:href="http://disclosure.edinet-fsa.go.jp/taxonomy/jppfs/2018-02-28/jppfs_cor_2018-02-28.xsd#jppfs_cor_NetAssets" xlink:label="NetAssets" />    <link:presentationArc xlink:type="arc" preferredLabel="http://www.xbrl.org/2003/role/totalLabel" xlink:arcrole="http://www.xbrl.org/2003/arcrole/parent-child" xlink:from="NetAssetsAbstract" xlink:to="NetAssets" order="4.0" />    <link:loc xlink:type="locator" xlink:href="http://disclosure.edinet-fsa.go.jp/taxonomy/jppfs/2018-02-28/jppfs_cor_2018-02-28.xsd#jppfs_cor_LiabilitiesAndNetAssets" xlink:label="LiabilitiesAndNetAssets" />    <link:presentationArc xlink:type="arc" preferredLabel="http://www.xbrl.org/2003/role/totalLabel" xlink:arcrole="http://www.xbrl.org/2003/arcrole/parent-child" xlink:from="BalanceSheetLineItems" xlink:to="LiabilitiesAndNetAssets" order="4.0" />  </link:presentationLink>  <link:presentationLink xlink:type="extended" xlink:role="http://disclosure.edinet-fsa.go.jp/role/jppfs/rol_YearToQuarterEndConsolidatedStatementOfIncome">    <link:loc xlink:type="locator" xlink:href="http://disclosure.edinet-fsa.go.jp/taxonomy/jppfs/2018-02-28/jppfs_cor_2018-02-28.xsd#jppfs_cor_YearToQuarterEndConsolidatedStatementOfIncomeHeading" xlink:label="YearToQuarterEndConsolidatedStatementOfIncomeHeading" />    <link:loc xlink:type="locator" xlink:href="http://disclosure.edinet-fsa.go.jp/taxonomy/jppfs/2018-02-28/jppfs_cor_2018-02-28.xsd#jppfs_cor_StatementOfIncomeTable" xlink:label="StatementOfIncomeTable_2" />    <link:presentationArc xlink:type="arc" preferredLabel="http://disclosure.edinet-fsa.go.jp/jppfs/ConsolidatedQuarterly/role/label" xlink:arcrole="http://www.xbrl.org/2003/arcrole/parent-child" xlink:from="YearToQuarterEndConsolidatedStatementOfIncomeHeading" xlink:to="StatementOfIncomeTable_2" order="1.0" />    <link:loc xlink:type="locator" xlink:href="http://disclosure.edinet-fsa.go.jp/taxonomy/jppfs/2018-02-28/jppfs_cor_2018-02-28.xsd#jppfs_cor_StatementOfIncomeTable" xlink:label="StatementOfIncomeTable" />    <link:loc xlink:type="locator" xlink:href="http://disclosure.edinet-fsa.go.jp/taxonomy/jppfs/2018-02-28/jppfs_cor_2018-02-28.xsd#jppfs_cor_ConsolidatedOrNonConsolidatedAxis" xlink:label="ConsolidatedOrNonConsolidatedAxis_2" />    <link:presentationArc xlink:type="arc" xlink:arcrole="http://www.xbrl.org/2003/arcrole/parent-child" xlink:from="StatementOfIncomeTable" xlink:to="ConsolidatedOrNonConsolidatedAxis_2" order="1.0" />    <link:loc xlink:type="locator" xlink:href="http://disclosure.edinet-fsa.go.jp/taxonomy/jppfs/2018-02-28/jppfs_cor_2018-02-28.xsd#jppfs_cor_ConsolidatedOrNonConsolidatedAxis" xlink:label="ConsolidatedOrNonConsolidatedAxis" />    <link:loc xlink:type="locator" xlink:href="http://disclosure.edinet-fsa.go.jp/taxonomy/jppfs/2018-02-28/jppfs_cor_2018-02-28.xsd#jppfs_cor_ConsolidatedMember" xlink:label="ConsolidatedMember" />    <link:presentationArc xlink:type="arc" xlink:arcrole="http://www.xbrl.org/2003/arcrole/parent-child" xlink:from="ConsolidatedOrNonConsolidatedAxis" xlink:to="ConsolidatedMember" order="1.0" />    <link:loc xlink:type="locator" xlink:href="http://disclosure.edinet-fsa.go.jp/taxonomy/jppfs/2018-02-28/jppfs_cor_2018-02-28.xsd#jppfs_cor_StatementOfIncomeLineItems" xlink:label="StatementOfIncomeLineItems_2" />    <link:presentationArc xlink:type="arc" preferredLabel="http://disclosure.edinet-fsa.go.jp/jppfs/ConsolidatedQuarterly/role/label" xlink:arcrole="http://www.xbrl.org/2003/arcrole/parent-child" xlink:from="YearToQuarterEndConsolidatedStatementOfIncomeHeading" xlink:to="StatementOfIncomeLineItems_2" order="2.0" />    <link:loc xlink:type="locator" xlink:href="http://disclosure.edinet-fsa.go.jp/taxonomy/jppfs/2018-02-28/jppfs_cor_2018-02-28.xsd#jppfs_cor_StatementOfIncomeLineItems" xlink:label="StatementOfIncomeLineItems" />    <link:loc xlink:type="locator" xlink:href="http://disclosure.edinet-fsa.go.jp/taxonomy/jppfs/2018-02-28/jppfs_cor_2018-02-28.xsd#jppfs_cor_NetSales" xlink:label="NetSales" />    <link:presentationArc xlink:type="arc" xlink:arcrole="http://www.xbrl.org/2003/arcrole/parent-child" xlink:from="StatementOfIncomeLineItems" xlink:to="NetSales" order="1.0" />    <link:loc xlink:type="locator" xlink:href="http://disclosure.edinet-fsa.go.jp/taxonomy/jppfs/2018-02-28/jppfs_cor_2018-02-28.xsd#jppfs_cor_CostOfSales" xlink:label="CostOfSales" />    <link:presentationArc xlink:type="arc" xlink:arcrole="http://www.xbrl.org/2003/arcrole/parent-child" xlink:from="StatementOfIncomeLineItems" xlink:to="CostOfSales" order="2.0" />    <link:loc xlink:type="locator" xlink:href="http://disclosure.edinet-fsa.go.jp/taxonomy/jppfs/2018-02-28/jppfs_cor_2018-02-28.xsd#jppfs_cor_GrossProfit" xlink:label="GrossProfit" />    <link:presentationArc xlink:type="arc" preferredLabel="http://www.xbrl.org/2003/role/positiveLabel" xlink:arcrole="http://www.xbrl.org/2003/arcrole/parent-child" xlink:from="StatementOfIncomeLineItems" xlink:to="GrossProfit" order="3.0" />    <link:loc xlink:type="locator" xlink:href="http://disclosure.edinet-fsa.go.jp/taxonomy/jppfs/2018-02-28/jppfs_cor_2018-02-28.xsd#jppfs_cor_SellingGeneralAndAdministrativeExpenses" xlink:label="SellingGeneralAndAdministrativeExpenses" />    <link:presentationArc xlink:type="arc" xlink:arcrole="http://www.xbrl.org/2003/arcrole/parent-child" xlink:from="StatementOfIncomeLineItems" xlink:to="SellingGeneralAndAdministrativeExpenses" order="4.0" />    <link:loc xlink:type="locator" xlink:href="http://disclosure.edinet-fsa.go.jp/taxonomy/jppfs/2018-02-28/jppfs_cor_2018-02-28.xsd#jppfs_cor_OperatingIncome" xlink:label="OperatingIncome" />    <link:presentationArc xlink:type="arc" preferredLabel="http://www.xbrl.org/2003/role/positiveLabel" xlink:arcrole="http://www.xbrl.org/2003/arcrole/parent-child" xlink:from="StatementOfIncomeLineItems" xlink:to="OperatingIncome" order="5.0" />    <link:loc xlink:type="locator" xlink:href="http://disclosure.edinet-fsa.go.jp/taxonomy/jppfs/2018-02-28/jppfs_cor_2018-02-28.xsd#jppfs_cor_NonOperatingIncomeAbstract" xlink:label="NonOperatingIncomeAbstract_2" />    <link:presentationArc xlink:type="arc" xlink:arcrole="http://www.xbrl.org/2003/arcrole/parent-child" xlink:from="StatementOfIncomeLineItems" xlink:to="NonOperatingIncomeAbstract_2" order="6.0" />    <link:loc xlink:type="locator" xlink:href="http://disclosure.edinet-fsa.go.jp/taxonomy/jppfs/2018-02-28/jppfs_cor_2018-02-28.xsd#jppfs_cor_NonOperatingIncomeAbstract" xlink:label="NonOperatingIncomeAbstract" />    <link:loc xlink:type="locator" xlink:href="http://disclosure.edinet-fsa.go.jp/taxonomy/jppfs/2018-02-28/jppfs_cor_2018-02-28.xsd#jppfs_cor_InterestIncomeNOI" xlink:label="InterestIncomeNOI" />    <link:presentationArc xlink:type="arc" xlink:arcrole="http://www.xbrl.org/2003/arcrole/parent-child" xlink:from="NonOperatingIncomeAbstract" xlink:to="InterestIncomeNOI" order="1.0" />    <link:loc xlink:type="locator" xlink:href="http://disclosure.edinet-fsa.go.jp/taxonomy/jppfs/2018-02-28/jppfs_cor_2018-02-28.xsd#jppfs_cor_DividendsIncomeNOI" xlink:label="DividendsIncomeNOI" />    <link:presentationArc xlink:type="arc" xlink:arcrole="http://www.xbrl.org/2003/arcrole/parent-child" xlink:from="NonOperatingIncomeAbstract" xlink:to="DividendsIncomeNOI" order="2.0" />    <link:loc xlink:type="locator" xlink:href="http://disclosure.edinet-fsa.go.jp/taxonomy/jppfs/2018-02-28/jppfs_cor_2018-02-28.xsd#jppfs_cor_SubsidyIncomeNOI" xlink:label="SubsidyIncomeNOI" />    <link:presentationArc xlink:type="arc" xlink:arcrole="http://www.xbrl.org/2003/arcrole/parent-child" xlink:from="NonOperatingIncomeAbstract" xlink:to="SubsidyIncomeNOI" order="3.0" />    <link:loc xlink:type="locator" xlink:href="tse-qcedjpfr-61590-2019-02-28-01-2019-04-09.xsd#tse-qcedjpfr-61590_GainOnRedemptionOfInvestmentSecuritiesNOI" xlink:label="GainOnRedemptionOfInvestmentSecuritiesNOI" />    <link:presentationArc xlink:type="arc" xlink:arcrole="http://www.xbrl.org/2003/arcrole/parent-child" xlink:from="NonOperatingIncomeAbstract" xlink:to="GainOnRedemptionOfInvestmentSecuritiesNOI" order="4.0" />    <link:loc xlink:type="locator" xlink:href="http://disclosure.edinet-fsa.go.jp/taxonomy/jppfs/2018-02-28/jppfs_cor_2018-02-28.xsd#jppfs_cor_GainOnValuationOfInvestmentSecuritiesNOI" xlink:label="GainOnValuationOfInvestmentSecuritiesNOI" />    <link:presentationArc xlink:type="arc" xlink:arcrole="http://www.xbrl.org/2003/arcrole/parent-child" xlink:from="NonOperatingIncomeAbstract" xlink:to="GainOnValuationOfInvestmentSecuritiesNOI" order="5.0" />    <link:loc xlink:type="locator" xlink:href="http://disclosure.edinet-fsa.go.jp/taxonomy/jppfs/2018-02-28/jppfs_cor_2018-02-28.xsd#jppfs_cor_HouseRentIncomeNOI" xlink:label="HouseRentIncomeNOI" />    <link:presentationArc xlink:type="arc" xlink:arcrole="http://www.xbrl.org/2003/arcrole/parent-child" xlink:from="NonOperatingIncomeAbstract" xlink:to="HouseRentIncomeNOI" order="7.0" />    <link:loc xlink:type="locator" xlink:href="http://disclosure.edinet-fsa.go.jp/taxonomy/jppfs/2018-02-28/jppfs_cor_2018-02-28.xsd#jppfs_cor_OtherNOI" xlink:label="OtherNOI" />    <link:presentationArc xlink:type="arc" xlink:arcrole="http://www.xbrl.org/2003/arcrole/parent-child" xlink:from="NonOperatingIncomeAbstract" xlink:to="OtherNOI" order="8.0" />    <link:loc xlink:type="locator" xlink:href="http://disclosure.edinet-fsa.go.jp/taxonomy/jppfs/2018-02-28/jppfs_cor_2018-02-28.xsd#jppfs_cor_NonOperatingIncome" xlink:label="NonOperatingIncome" />    <link:presentationArc xlink:type="arc" preferredLabel="http://www.xbrl.org/2003/role/totalLabel" xlink:arcrole="http://www.xbrl.org/2003/arcrole/parent-child" xlink:from="NonOperatingIncomeAbstract" xlink:to="NonOperatingIncome" order="9.0" />    <link:loc xlink:type="locator" xlink:href="http://disclosure.edinet-fsa.go.jp/taxonomy/jppfs/2018-02-28/jppfs_cor_2018-02-28.xsd#jppfs_cor_NonOperatingExpensesAbstract" xlink:label="NonOperatingExpensesAbstract_2" />    <link:presentationArc xlink:type="arc" xlink:arcrole="http://www.xbrl.org/2003/arcrole/parent-child" xlink:from="StatementOfIncomeLineItems" xlink:to="NonOperatingExpensesAbstract_2" order="7.0" />    <link:loc xlink:type="locator" xlink:href="http://disclosure.edinet-fsa.go.jp/taxonomy/jppfs/2018-02-28/jppfs_cor_2018-02-28.xsd#jppfs_cor_NonOperatingExpensesAbstract" xlink:label="NonOperatingExpensesAbstract" />    <link:loc xlink:type="locator" xlink:href="http://disclosure.edinet-fsa.go.jp/taxonomy/jppfs/2018-02-28/jppfs_cor_2018-02-28.xsd#jppfs_cor_InterestExpensesNOE" xlink:label="InterestExpensesNOE" />    <link:presentationArc xlink:type="arc" xlink:arcrole="http://www.xbrl.org/2003/arcrole/parent-child" xlink:from="NonOperatingExpensesAbstract" xlink:to="InterestExpensesNOE" order="1.0" />    <link:loc xlink:type="locator" xlink:href="http://disclosure.edinet-fsa.go.jp/taxonomy/jppfs/2018-02-28/jppfs_cor_2018-02-28.xsd#jppfs_cor_LossOnValuationOfInvestmentSecuritiesNOE" xlink:label="LossOnValuationOfInvestmentSecuritiesNOE" />    <link:presentationArc xlink:type="arc" xlink:arcrole="http://www.xbrl.org/2003/arcrole/parent-child" xlink:from="NonOperatingExpensesAbstract" xlink:to="LossOnValuationOfInvestmentSecuritiesNOE" order="1.6240234375" />    <link:loc xlink:type="locator" xlink:href="http://disclosure.edinet-fsa.go.jp/taxonomy/jppfs/2018-02-28/jppfs_cor_2018-02-28.xsd#jppfs_cor_ForeignExchangeLossesNOE" xlink:label="ForeignExchangeLossesNOE" />    <link:presentationArc xlink:type="arc" xlink:arcrole="http://www.xbrl.org/2003/arcrole/parent-child" xlink:from="NonOperatingExpensesAbstract" xlink:to="ForeignExchangeLossesNOE" order="2.3740234375" />    <link:loc xlink:type="locator" xlink:href="http://disclosure.edinet-fsa.go.jp/taxonomy/jppfs/2018-02-28/jppfs_cor_2018-02-28.xsd#jppfs_cor_OtherNOE" xlink:label="OtherNOE" />    <link:presentationArc xlink:type="arc" xlink:arcrole="http://www.xbrl.org/2003/arcrole/parent-child" xlink:from="NonOperatingExpensesAbstract" xlink:to="OtherNOE" order="3.18701171875" />    <link:loc xlink:type="locator" xlink:href="http://disclosure.edinet-fsa.go.jp/taxonomy/jppfs/2018-02-28/jppfs_cor_2018-02-28.xsd#jppfs_cor_NonOperatingExpenses" xlink:label="NonOperatingExpenses" />    <link:presentationArc xlink:type="arc" preferredLabel="http://www.xbrl.org/2003/role/totalLabel" xlink:arcrole="http://www.xbrl.org/2003/arcrole/parent-child" xlink:from="NonOperatingExpensesAbstract" xlink:to="NonOperatingExpenses" order="4.0" />    <link:loc xlink:type="locator" xlink:href="http://disclosure.edinet-fsa.go.jp/taxonomy/jppfs/2018-02-28/jppfs_cor_2018-02-28.xsd#jppfs_cor_OrdinaryIncome" xlink:label="OrdinaryIncome" />    <link:presentationArc xlink:type="arc" preferredLabel="http://www.xbrl.org/2003/role/positiveLabel" xlink:arcrole="http://www.xbrl.org/2003/arcrole/parent-child" xlink:from="StatementOfIncomeLineItems" xlink:to="OrdinaryIncome" order="8.0" />    <link:loc xlink:type="locator" xlink:href="http://disclosure.edinet-fsa.go.jp/taxonomy/jppfs/2018-02-28/jppfs_cor_2018-02-28.xsd#jppfs_cor_ExtraordinaryIncomeAbstract" xlink:label="ExtraordinaryIncomeAbstract_2" />    <link:presentationArc xlink:type="arc" xlink:arcrole="http://www.xbrl.org/2003/arcrole/parent-child" xlink:from="StatementOfIncomeLineItems" xlink:to="ExtraordinaryIncomeAbstract_2" order="9.0" />    <link:loc xlink:type="locator" xlink:href="http://disclosure.edinet-fsa.go.jp/taxonomy/jppfs/2018-02-28/jppfs_cor_2018-02-28.xsd#jppfs_cor_ExtraordinaryIncomeAbstract" xlink:label="ExtraordinaryIncomeAbstract" />    <link:loc xlink:type="locator" xlink:href="http://disclosure.edinet-fsa.go.jp/taxonomy/jppfs/2018-02-28/jppfs_cor_2018-02-28.xsd#jppfs_cor_GainOnSalesOfNoncurrentAssetsEI" xlink:label="GainOnSalesOfNoncurrentAssetsEI" />    <link:presentationArc xlink:type="arc" xlink:arcrole="http://www.xbrl.org/2003/arcrole/parent-child" xlink:from="ExtraordinaryIncomeAbstract" xlink:to="GainOnSalesOfNoncurrentAssetsEI" order="1.125" />    <link:loc xlink:type="locator" xlink:href="http://disclosure.edinet-fsa.go.jp/taxonomy/jppfs/2018-02-28/jppfs_cor_2018-02-28.xsd#jppfs_cor_GainOnRevisionOfRetirementBenefitPlanEI" xlink:label="GainOnRevisionOfRetirementBenefitPlanEI" />    <link:presentationArc xlink:type="arc" xlink:arcrole="http://www.xbrl.org/2003/arcrole/parent-child" xlink:from="ExtraordinaryIncomeAbstract" xlink:to="GainOnRevisionOfRetirementBenefitPlanEI" order="2.25" />    <link:loc xlink:type="locator" xlink:href="http://disclosure.edinet-fsa.go.jp/taxonomy/jppfs/2018-02-28/jppfs_cor_2018-02-28.xsd#jppfs_cor_ExtraordinaryIncome" xlink:label="ExtraordinaryIncome" />    <link:presentationArc xlink:type="arc" preferredLabel="http://www.xbrl.org/2003/role/totalLabel" xlink:arcrole="http://www.xbrl.org/2003/arcrole/parent-child" xlink:from="ExtraordinaryIncomeAbstract" xlink:to="ExtraordinaryIncome" order="3.0" />    <link:loc xlink:type="locator" xlink:href="http://disclosure.edinet-fsa.go.jp/taxonomy/jppfs/2018-02-28/jppfs_cor_2018-02-28.xsd#jppfs_cor_ExtraordinaryLossAbstract" xlink:label="ExtraordinaryLossAbstract_2" />    <link:presentationArc xlink:type="arc" xlink:arcrole="http://www.xbrl.org/2003/arcrole/parent-child" xlink:from="StatementOfIncomeLineItems" xlink:to="ExtraordinaryLossAbstract_2" order="10.0" />    <link:loc xlink:type="locator" xlink:href="http://disclosure.edinet-fsa.go.jp/taxonomy/jppfs/2018-02-28/jppfs_cor_2018-02-28.xsd#jppfs_cor_ExtraordinaryLossAbstract" xlink:label="ExtraordinaryLossAbstract" />    <link:loc xlink:type="locator" xlink:href="http://disclosure.edinet-fsa.go.jp/taxonomy/jppfs/2018-02-28/jppfs_cor_2018-02-28.xsd#jppfs_cor_LossOnRetirementOfNoncurrentAssetsEL" xlink:label="LossOnRetirementOfNoncurrentAssetsEL" />    <link:presentationArc xlink:type="arc" xlink:arcrole="http://www.xbrl.org/2003/arcrole/parent-child" xlink:from="ExtraordinaryLossAbstract" xlink:to="LossOnRetirementOfNoncurrentAssetsEL" order="2.0" />    <link:loc xlink:type="locator" xlink:href="http://disclosure.edinet-fsa.go.jp/taxonomy/jppfs/2018-02-28/jppfs_cor_2018-02-28.xsd#jppfs_cor_ExtraordinaryLoss" xlink:label="ExtraordinaryLoss" />    <link:presentationArc xlink:type="arc" preferredLabel="http://www.xbrl.org/2003/role/totalLabel" xlink:arcrole="http://www.xbrl.org/2003/arcrole/parent-child" xlink:from="ExtraordinaryLossAbstract" xlink:to="ExtraordinaryLoss" order="4.0" />    <link:loc xlink:type="locator" xlink:href="http://disclosure.edinet-fsa.go.jp/taxonomy/jppfs/2018-02-28/jppfs_cor_2018-02-28.xsd#jppfs_cor_IncomeBeforeIncomeTaxes" xlink:label="IncomeBeforeIncomeTaxes" />    <link:presentationArc xlink:type="arc" preferredLabel="http://disclosure.edinet-fsa.go.jp/jppfs/ConsolidatedQuarterly/role/positiveLabel" xlink:arcrole="http://www.xbrl.org/2003/arcrole/parent-child" xlink:from="StatementOfIncomeLineItems" xlink:to="IncomeBeforeIncomeTaxes" order="11.0" />    <link:loc xlink:type="locator" xlink:href="http://disclosure.edinet-fsa.go.jp/taxonomy/jppfs/2018-02-28/jppfs_cor_2018-02-28.xsd#jppfs_cor_IncomeTaxesCurrent" xlink:label="IncomeTaxesCurrent" />    <link:presentationArc xlink:type="arc" xlink:arcrole="http://www.xbrl.org/2003/arcrole/parent-child" xlink:from="StatementOfIncomeLineItems" xlink:to="IncomeTaxesCurrent" order="12.0" />    <link:loc xlink:type="locator" xlink:href="http://disclosure.edinet-fsa.go.jp/taxonomy/jppfs/2018-02-28/jppfs_cor_2018-02-28.xsd#jppfs_cor_IncomeTaxesDeferred" xlink:label="IncomeTaxesDeferred" />    <link:presentationArc xlink:type="arc" xlink:arcrole="http://www.xbrl.org/2003/arcrole/parent-child" xlink:from="StatementOfIncomeLineItems" xlink:to="IncomeTaxesDeferred" order="13.0" />    <link:loc xlink:type="locator" xlink:href="http://disclosure.edinet-fsa.go.jp/taxonomy/jppfs/2018-02-28/jppfs_cor_2018-02-28.xsd#jppfs_cor_IncomeTaxes" xlink:label="IncomeTaxes" />    <link:presentationArc xlink:type="arc" preferredLabel="http://www.xbrl.org/2003/role/totalLabel" xlink:arcrole="http://www.xbrl.org/2003/arcrole/parent-child" xlink:from="StatementOfIncomeLineItems" xlink:to="IncomeTaxes" order="14.0" />    <link:loc xlink:type="locator" xlink:href="http://disclosure.edinet-fsa.go.jp/taxonomy/jppfs/2018-02-28/jppfs_cor_2018-02-28.xsd#jppfs_cor_ProfitLoss" xlink:label="ProfitLoss" />    <link:presentationArc xlink:type="arc" preferredLabel="http://disclosure.edinet-fsa.go.jp/jppfs/ConsolidatedQuarterly/role/positiveLabel" xlink:arcrole="http://www.xbrl.org/2003/arcrole/parent-child" xlink:from="StatementOfIncomeLineItems" xlink:to="ProfitLoss" order="15.0" />    <link:loc xlink:type="locator" xlink:href="http://disclosure.edinet-fsa.go.jp/taxonomy/jppfs/2018-02-28/jppfs_cor_2018-02-28.xsd#jppfs_cor_ProfitLossAttributableToNonControllingInterests" xlink:label="ProfitLossAttributableToNonControllingInterests" />    <link:presentationArc xlink:type="arc" preferredLabel="http://disclosure.edinet-fsa.go.jp/jppfs/ConsolidatedQuarterly/role/positiveLabel" xlink:arcrole="http://www.xbrl.org/2003/arcrole/parent-child" xlink:from="StatementOfIncomeLineItems" xlink:to="ProfitLossAttributableToNonControllingInterests" order="16.0" />    <link:loc xlink:type="locator" xlink:href="http://disclosure.edinet-fsa.go.jp/taxonomy/jppfs/2018-02-28/jppfs_cor_2018-02-28.xsd#jppfs_cor_ProfitLossAttributableToOwnersOfParent" xlink:label="ProfitLossAttributableToOwnersOfParent" />    <link:presentationArc xlink:type="arc" preferredLabel="http://disclosure.edinet-fsa.go.jp/jppfs/ConsolidatedQuarterly/role/positiveLabel" xlink:arcrole="http://www.xbrl.org/2003/arcrole/parent-child" xlink:from="StatementOfIncomeLineItems" xlink:to="ProfitLossAttributableToOwnersOfParent" order="17.0" />  </link:presentationLink>  <link:presentationLink xlink:type="extended" xlink:role="http://disclosure.edinet-fsa.go.jp/role/jppfs/rol_YearToQuarterEndConsolidatedStatementOfComprehensiveIncome">    <link:loc xlink:type="locator" xlink:href="http://disclosure.edinet-fsa.go.jp/taxonomy/jppfs/2018-02-28/jppfs_cor_2018-02-28.xsd#jppfs_cor_YearToQuarterEndConsolidatedStatementOfComprehensiveIncomeHeading" xlink:label="YearToQuarterEndConsolidatedStatementOfComprehensiveIncomeHeading" />    <link:loc xlink:type="locator" xlink:href="http://disclosure.edinet-fsa.go.jp/taxonomy/jppfs/2018-02-28/jppfs_cor_2018-02-28.xsd#jppfs_cor_StatementOfComprehensiveIncomeTable" xlink:label="StatementOfComprehensiveIncomeTable_2" />    <link:presentationArc xlink:type="arc" preferredLabel="http://disclosure.edinet-fsa.go.jp/jppfs/ConsolidatedQuarterly/role/label" xlink:arcrole="http://www.xbrl.org/2003/arcrole/parent-child" xlink:from="YearToQuarterEndConsolidatedStatementOfComprehensiveIncomeHeading" xlink:to="StatementOfComprehensiveIncomeTable_2" order="1.0" />    <link:loc xlink:type="locator" xlink:href="http://disclosure.edinet-fsa.go.jp/taxonomy/jppfs/2018-02-28/jppfs_cor_2018-02-28.xsd#jppfs_cor_StatementOfComprehensiveIncomeTable" xlink:label="StatementOfComprehensiveIncomeTable" />    <link:loc xlink:type="locator" xlink:href="http://disclosure.edinet-fsa.go.jp/taxonomy/jppfs/2018-02-28/jppfs_cor_2018-02-28.xsd#jppfs_cor_ConsolidatedOrNonConsolidatedAxis" xlink:label="ConsolidatedOrNonConsolidatedAxis_2" />    <link:presentationArc xlink:type="arc" xlink:arcrole="http://www.xbrl.org/2003/arcrole/parent-child" xlink:from="StatementOfComprehensiveIncomeTable" xlink:to="ConsolidatedOrNonConsolidatedAxis_2" order="1.0" />    <link:loc xlink:type="locator" xlink:href="http://disclosure.edinet-fsa.go.jp/taxonomy/jppfs/2018-02-28/jppfs_cor_2018-02-28.xsd#jppfs_cor_ConsolidatedOrNonConsolidatedAxis" xlink:label="ConsolidatedOrNonConsolidatedAxis" />    <link:loc xlink:type="locator" xlink:href="http://disclosure.edinet-fsa.go.jp/taxonomy/jppfs/2018-02-28/jppfs_cor_2018-02-28.xsd#jppfs_cor_ConsolidatedMember" xlink:label="ConsolidatedMember" />    <link:presentationArc xlink:type="arc" xlink:arcrole="http://www.xbrl.org/2003/arcrole/parent-child" xlink:from="ConsolidatedOrNonConsolidatedAxis" xlink:to="ConsolidatedMember" order="1.0" />    <link:loc xlink:type="locator" xlink:href="http://disclosure.edinet-fsa.go.jp/taxonomy/jppfs/2018-02-28/jppfs_cor_2018-02-28.xsd#jppfs_cor_StatementOfComprehensiveIncomeLineItems" xlink:label="StatementOfComprehensiveIncomeLineItems_2" />    <link:presentationArc xlink:type="arc" preferredLabel="http://disclosure.edinet-fsa.go.jp/jppfs/ConsolidatedQuarterly/role/label" xlink:arcrole="http://www.xbrl.org/2003/arcrole/parent-child" xlink:from="YearToQuarterEndConsolidatedStatementOfComprehensiveIncomeHeading" xlink:to="StatementOfComprehensiveIncomeLineItems_2" order="2.0" />    <link:loc xlink:type="locator" xlink:href="http://disclosure.edinet-fsa.go.jp/taxonomy/jppfs/2018-02-28/jppfs_cor_2018-02-28.xsd#jppfs_cor_StatementOfComprehensiveIncomeLineItems" xlink:label="StatementOfComprehensiveIncomeLineItems" />    <link:loc xlink:type="locator" xlink:href="http://disclosure.edinet-fsa.go.jp/taxonomy/jppfs/2018-02-28/jppfs_cor_2018-02-28.xsd#jppfs_cor_ProfitLoss" xlink:label="ProfitLoss" />    <link:presentationArc xlink:type="arc" preferredLabel="http://disclosure.edinet-fsa.go.jp/jppfs/ConsolidatedQuarterly/role/positiveLabel" xlink:arcrole="http://www.xbrl.org/2003/arcrole/parent-child" xlink:from="StatementOfComprehensiveIncomeLineItems" xlink:to="ProfitLoss" order="1.0" />    <link:loc xlink:type="locator" xlink:href="http://disclosure.edinet-fsa.go.jp/taxonomy/jppfs/2018-02-28/jppfs_cor_2018-02-28.xsd#jppfs_cor_OtherComprehensiveIncomeAbstract" xlink:label="OtherComprehensiveIncomeAbstract_2" />    <link:presentationArc xlink:type="arc" xlink:arcrole="http://www.xbrl.org/2003/arcrole/parent-child" xlink:from="StatementOfComprehensiveIncomeLineItems" xlink:to="OtherComprehensiveIncomeAbstract_2" order="2.0" />    <link:loc xlink:type="locator" xlink:href="http://disclosure.edinet-fsa.go.jp/taxonomy/jppfs/2018-02-28/jppfs_cor_2018-02-28.xsd#jppfs_cor_OtherComprehensiveIncomeAbstract" xlink:label="OtherComprehensiveIncomeAbstract" />    <link:loc xlink:type="locator" xlink:href="http://disclosure.edinet-fsa.go.jp/taxonomy/jppfs/2018-02-28/jppfs_cor_2018-02-28.xsd#jppfs_cor_ValuationDifferenceOnAvailableForSaleSecuritiesNetOfTaxOCI" xlink:label="ValuationDifferenceOnAvailableForSaleSecuritiesNetOfTaxOCI" />    <link:presentationArc xlink:type="arc" xlink:arcrole="http://www.xbrl.org/2003/arcrole/parent-child" xlink:from="OtherComprehensiveIncomeAbstract" xlink:to="ValuationDifferenceOnAvailableForSaleSecuritiesNetOfTaxOCI" order="1.0" />    <link:loc xlink:type="locator" xlink:href="http://disclosure.edinet-fsa.go.jp/taxonomy/jppfs/2018-02-28/jppfs_cor_2018-02-28.xsd#jppfs_cor_ForeignCurrencyTranslationAdjustmentNetOfTaxOCI" xlink:label="ForeignCurrencyTranslationAdjustmentNetOfTaxOCI" />    <link:presentationArc xlink:type="arc" xlink:arcrole="http://www.xbrl.org/2003/arcrole/parent-child" xlink:from="OtherComprehensiveIncomeAbstract" xlink:to="ForeignCurrencyTranslationAdjustmentNetOfTaxOCI" order="2.0" />    <link:loc xlink:type="locator" xlink:href="http://disclosure.edinet-fsa.go.jp/taxonomy/jppfs/2018-02-28/jppfs_cor_2018-02-28.xsd#jppfs_cor_OtherComprehensiveIncome" xlink:label="OtherComprehensiveIncome" />    <link:presentationArc xlink:type="arc" preferredLabel="http://www.xbrl.org/2003/role/totalLabel" xlink:arcrole="http://www.xbrl.org/2003/arcrole/parent-child" xlink:from="OtherComprehensiveIncomeAbstract" xlink:to="OtherComprehensiveIncome" order="3.0" />    <link:loc xlink:type="locator" xlink:href="http://disclosure.edinet-fsa.go.jp/taxonomy/jppfs/2018-02-28/jppfs_cor_2018-02-28.xsd#jppfs_cor_ComprehensiveIncome" xlink:label="ComprehensiveIncome" />    <link:presentationArc xlink:type="arc" preferredLabel="http://disclosure.edinet-fsa.go.jp/jppfs/ConsolidatedQuarterly/role/label" xlink:arcrole="http://www.xbrl.org/2003/arcrole/parent-child" xlink:from="StatementOfComprehensiveIncomeLineItems" xlink:to="ComprehensiveIncome" order="3.0" />    <link:loc xlink:type="locator" xlink:href="http://disclosure.edinet-fsa.go.jp/taxonomy/jppfs/2018-02-28/jppfs_cor_2018-02-28.xsd#jppfs_cor_ComprehensiveIncomeAttributableToAbstract" xlink:label="ComprehensiveIncomeAttributableToAbstract_2" />    <link:presentationArc xlink:type="arc" xlink:arcrole="http://www.xbrl.org/2003/arcrole/parent-child" xlink:from="StatementOfComprehensiveIncomeLineItems" xlink:to="ComprehensiveIncomeAttributableToAbstract_2" order="4.0" />    <link:loc xlink:type="locator" xlink:href="http://disclosure.edinet-fsa.go.jp/taxonomy/jppfs/2018-02-28/jppfs_cor_2018-02-28.xsd#jppfs_cor_ComprehensiveIncomeAttributableToAbstract" xlink:label="ComprehensiveIncomeAttributableToAbstract" />    <link:loc xlink:type="locator" xlink:href="http://disclosure.edinet-fsa.go.jp/taxonomy/jppfs/2018-02-28/jppfs_cor_2018-02-28.xsd#jppfs_cor_ComprehensiveIncomeAttributableToOwnersOfTheParent" xlink:label="ComprehensiveIncomeAttributableToOwnersOfTheParent" />    <link:presentationArc xlink:type="arc" preferredLabel="http://disclosure.edinet-fsa.go.jp/jppfs/ConsolidatedQuarterly/role/label" xlink:arcrole="http://www.xbrl.org/2003/arcrole/parent-child" xlink:from="ComprehensiveIncomeAttributableToAbstract" xlink:to="ComprehensiveIncomeAttributableToOwnersOfTheParent" order="1.0" />    <link:loc xlink:type="locator" xlink:href="http://disclosure.edinet-fsa.go.jp/taxonomy/jppfs/2018-02-28/jppfs_cor_2018-02-28.xsd#jppfs_cor_ComprehensiveIncomeAttributableToNonControllingInterests" xlink:label="ComprehensiveIncomeAttributableToNonControllingInterests" />    <link:presentationArc xlink:type="arc" preferredLabel="http://disclosure.edinet-fsa.go.jp/jppfs/ConsolidatedQuarterly/role/label" xlink:arcrole="http://www.xbrl.org/2003/arcrole/parent-child" xlink:from="ComprehensiveIncomeAttributableToAbstract" xlink:to="ComprehensiveIncomeAttributableToNonControllingInterests" order="2.0" />  </link:presentationLink>  <link:presentationLink xlink:type="extended" xlink:role="http://www.xbrl.tdnet.info/jp/tse/tdnet/role/RoleAttachedDocument">    <link:loc xlink:type="locator" xlink:href="http://www.xbrl.tdnet.info/taxonomy/jp/tse/tdnet/at/t/2014-01-12/tse-at-t-2014-01-12.xsd#tse-at-t_AttachedDocumentHeading" xlink:label="AttachedDocumentHeading" />    <link:loc xlink:type="locator" xlink:href="http://disclosure.edinet-fsa.go.jp/taxonomy/jpcrp/2018-02-28/jpcrp_cor_2018-02-28.xsd#jpcrp_cor_QuarterlyConsolidatedFinancialStatementsHeading" xlink:label="QuarterlyConsolidatedFinancialStatementsHeading_2" />    <link:presentationArc xlink:type="arc" xlink:arcrole="http://www.xbrl.org/2003/arcrole/parent-child" xlink:from="AttachedDocumentHeading" xlink:to="QuarterlyConsolidatedFinancialStatementsHeading_2" order="1" />    <link:loc xlink:type="locator" xlink:href="http://disclosure.edinet-fsa.go.jp/taxonomy/jpcrp/2018-02-28/jpcrp_cor_2018-02-28.xsd#jpcrp_cor_QuarterlyConsolidatedFinancialStatementsHeading" xlink:label="QuarterlyConsolidatedFinancialStatementsHeading" />    <link:loc xlink:type="locator" xlink:href="http://disclosure.edinet-fsa.go.jp/taxonomy/jppfs/2018-02-28/jppfs_cor_2018-02-28.xsd#jppfs_cor_QuarterlyConsolidatedBalanceSheetHeading" xlink:label="QuarterlyConsolidatedBalanceSheetHeading_2" />    <link:presentationArc xlink:type="arc" xlink:arcrole="http://www.xbrl.org/2003/arcrole/parent-child" xlink:from="QuarterlyConsolidatedFinancialStatementsHeading" xlink:to="QuarterlyConsolidatedBalanceSheetHeading_2" order="1" />    <link:loc xlink:type="locator" xlink:href="http://disclosure.edinet-fsa.go.jp/taxonomy/jppfs/2018-02-28/jppfs_cor_2018-02-28.xsd#jppfs_cor_QuarterlyConsolidatedBalanceSheetHeading" xlink:label="QuarterlyConsolidatedBalanceSheetHeading" />    <link:loc xlink:type="locator" xlink:href="http://disclosure.edinet-fsa.go.jp/taxonomy/jpcrp/2018-02-28/jpcrp_cor_2018-02-28.xsd#jpcrp_cor_QuarterlyConsolidatedBalanceSheetTextBlock" xlink:label="QuarterlyConsolidatedBalanceSheetTextBlock" />    <link:presentationArc xlink:type="arc" xlink:arcrole="http://www.xbrl.org/2003/arcrole/parent-child" xlink:from="QuarterlyConsolidatedBalanceSheetHeading" xlink:to="QuarterlyConsolidatedBalanceSheetTextBlock" order="1" />    <link:loc xlink:type="locator" xlink:href="http://disclosure.edinet-fsa.go.jp/taxonomy/jppfs/2018-02-28/jppfs_cor_2018-02-28.xsd#jppfs_cor_QuarterlyConsolidatedStatementOfIncomeAndConsolidatedStatementOfComprehensiveIncomeHeading" xlink:label="QuarterlyConsolidatedStatementOfIncomeAndConsolidatedStatementOfComprehensiveIncomeHeading_2" />    <link:presentationArc xlink:type="arc" xlink:arcrole="http://www.xbrl.org/2003/arcrole/parent-child" xlink:from="QuarterlyConsolidatedFinancialStatementsHeading" xlink:to="QuarterlyConsolidatedStatementOfIncomeAndConsolidatedStatementOfComprehensiveIncomeHeading_2" order="2" />    <link:loc xlink:type="locator" xlink:href="http://disclosure.edinet-fsa.go.jp/taxonomy/jppfs/2018-02-28/jppfs_cor_2018-02-28.xsd#jppfs_cor_QuarterlyConsolidatedStatementOfIncomeAndConsolidatedStatementOfComprehensiveIncomeHeading" xlink:label="QuarterlyConsolidatedStatementOfIncomeAndConsolidatedStatementOfComprehensiveIncomeHeading" />    <link:loc xlink:type="locator" xlink:href="http://disclosure.edinet-fsa.go.jp/taxonomy/jppfs/2018-02-28/jppfs_cor_2018-02-28.xsd#jppfs_cor_QuarterlyConsolidatedStatementOfIncomeHeading" xlink:label="QuarterlyConsolidatedStatementOfIncomeHeading_2" />    <link:presentationArc xlink:type="arc" xlink:arcrole="http://www.xbrl.org/2003/arcrole/parent-child" xlink:from="QuarterlyConsolidatedStatementOfIncomeAndConsolidatedStatementOfComprehensiveIncomeHeading" xlink:to="QuarterlyConsolidatedStatementOfIncomeHeading_2" order="1" />    <link:loc xlink:type="locator" xlink:href="http://disclosure.edinet-fsa.go.jp/taxonomy/jppfs/2018-02-28/jppfs_cor_2018-02-28.xsd#jppfs_cor_QuarterlyConsolidatedStatementOfIncomeHeading" xlink:label="QuarterlyConsolidatedStatementOfIncomeHeading" />    <link:loc xlink:type="locator" xlink:href="http://disclosure.edinet-fsa.go.jp/taxonomy/jppfs/2018-02-28/jppfs_cor_2018-02-28.xsd#jppfs_cor_YearToQuarterEndConsolidatedStatementOfIncomeHeading" xlink:label="YearToQuarterEndConsolidatedStatementOfIncomeHeading_2" />    <link:presentationArc xlink:type="arc" xlink:arcrole="http://www.xbrl.org/2003/arcrole/parent-child" xlink:from="QuarterlyConsolidatedStatementOfIncomeHeading" xlink:to="YearToQuarterEndConsolidatedStatementOfIncomeHeading_2" order="1" />    <link:loc xlink:type="locator" xlink:href="http://disclosure.edinet-fsa.go.jp/taxonomy/jppfs/2018-02-28/jppfs_cor_2018-02-28.xsd#jppfs_cor_YearToQuarterEndConsolidatedStatementOfIncomeHeading" xlink:label="YearToQuarterEndConsolidatedStatementOfIncomeHeading" />    <link:loc xlink:type="locator" xlink:href="http://disclosure.edinet-fsa.go.jp/taxonomy/jpcrp/2018-02-28/jpcrp_cor_2018-02-28.xsd#jpcrp_cor_YearToQuarterEndConsolidatedStatementOfIncomeTextBlock" xlink:label="YearToQuarterEndConsolidatedStatementOfIncomeTextBlock" />    <link:presentationArc xlink:type="arc" xlink:arcrole="http://www.xbrl.org/2003/arcrole/parent-child" xlink:from="YearToQuarterEndConsolidatedStatementOfIncomeHeading" xlink:to="YearToQuarterEndConsolidatedStatementOfIncomeTextBlock" order="1" />    <link:loc xlink:type="locator" xlink:href="http://disclosure.edinet-fsa.go.jp/taxonomy/jppfs/2018-02-28/jppfs_cor_2018-02-28.xsd#jppfs_cor_QuarterlyConsolidatedStatementOfComprehensiveIncomeHeading" xlink:label="QuarterlyConsolidatedStatementOfComprehensiveIncomeHeading_2" />    <link:presentationArc xlink:type="arc" xlink:arcrole="http://www.xbrl.org/2003/arcrole/parent-child" xlink:from="QuarterlyConsolidatedStatementOfIncomeAndConsolidatedStatementOfComprehensiveIncomeHeading" xlink:to="QuarterlyConsolidatedStatementOfComprehensiveIncomeHeading_2" order="2" />    <link:loc xlink:type="locator" xlink:href="http://disclosure.edinet-fsa.go.jp/taxonomy/jppfs/2018-02-28/jppfs_cor_2018-02-28.xsd#jppfs_cor_QuarterlyConsolidatedStatementOfComprehensiveIncomeHeading" xlink:label="QuarterlyConsolidatedStatementOfComprehensiveIncomeHeading" />    <link:loc xlink:type="locator" xlink:href="http://disclosure.edinet-fsa.go.jp/taxonomy/jppfs/2018-02-28/jppfs_cor_2018-02-28.xsd#jppfs_cor_YearToQuarterEndConsolidatedStatementOfComprehensiveIncomeHeading" xlink:label="YearToQuarterEndConsolidatedStatementOfComprehensiveIncomeHeading_2" />    <link:presentationArc xlink:type="arc" xlink:arcrole="http://www.xbrl.org/2003/arcrole/parent-child" xlink:from="QuarterlyConsolidatedStatementOfComprehensiveIncomeHeading" xlink:to="YearToQuarterEndConsolidatedStatementOfComprehensiveIncomeHeading_2" order="1" />    <link:loc xlink:type="locator" xlink:href="http://disclosure.edinet-fsa.go.jp/taxonomy/jppfs/2018-02-28/jppfs_cor_2018-02-28.xsd#jppfs_cor_YearToQuarterEndConsolidatedStatementOfComprehensiveIncomeHeading" xlink:label="YearToQuarterEndConsolidatedStatementOfComprehensiveIncomeHeading" />    <link:loc xlink:type="locator" xlink:href="http://disclosure.edinet-fsa.go.jp/taxonomy/jpcrp/2018-02-28/jpcrp_cor_2018-02-28.xsd#jpcrp_cor_YearToQuarterEndConsolidatedStatementOfComprehensiveIncomeTextBlock" xlink:label="YearToQuarterEndConsolidatedStatementOfComprehensiveIncomeTextBlock" />    <link:presentationArc xlink:type="arc" xlink:arcrole="http://www.xbrl.org/2003/arcrole/parent-child" xlink:from="YearToQuarterEndConsolidatedStatementOfComprehensiveIncomeHeading" xlink:to="YearToQuarterEndConsolidatedStatementOfComprehensiveIncomeTextBlock" order="1" />  </link:presentationLink></link:linkbase>