<?xml version="1.0" encoding="utf-8"?>
<!-- Generated by PRONEXUS WORKS --><link:linkbase xmlns:link="http://www.xbrl.org/2003/linkbase" xmlns:xsi="http://www.w3.org/2001/XMLSchema-instance" xmlns:xbrli="http://www.xbrl.org/2003/instance" xmlns:xlink="http://www.w3.org/1999/xlink">  <link:labelLink xlink:type="extended" xlink:role="http://www.xbrl.org/2003/role/link">    <link:loc xlink:type="locator" xlink:href="tse-qcedjpfr-61590-2019-02-28-01-2019-04-09.xsd#tse-qcedjpfr-61590_ProvisionForManagementBoardIncentivePlanTrustNCL" xlink:label="ProvisionForManagementBoardIncentivePlanTrustNCL" />    <link:loc xlink:type="locator" xlink:href="tse-qcedjpfr-61590-2019-02-28-01-2019-04-09.xsd#tse-qcedjpfr-61590_ProvisionForEmployeeStockOwnershipPlanTrustNCL" xlink:label="ProvisionForEmployeeStockOwnershipPlanTrustNCL" />    <link:loc xlink:type="locator" xlink:href="tse-qcedjpfr-61590-2019-02-28-01-2019-04-09.xsd#tse-qcedjpfr-61590_GainOnRedemptionOfInvestmentSecuritiesNOI" xlink:label="GainOnRedemptionOfInvestmentSecuritiesNOI" />    <link:label xlink:type="resource" xlink:label="label_ProvisionForManagementBoardIncentivePlanTrustNCL" xml:lang="ja" xlink:role="http://www.xbrl.org/2003/role/label" id="label_ProvisionForManagementBoardIncentivePlanTrustNCL">役員株式給付引当金</link:label>    <link:labelArc xlink:type="arc" xlink:arcrole="http://www.xbrl.org/2003/arcrole/concept-label" xlink:from="ProvisionForManagementBoardIncentivePlanTrustNCL" xlink:to="label_ProvisionForManagementBoardIncentivePlanTrustNCL" />    <link:label xlink:type="resource" xlink:label="label_ProvisionForManagementBoardIncentivePlanTrustNCL_2" xml:lang="ja" xlink:role="http://www.xbrl.org/2003/role/verboseLabel" id="label_ProvisionForManagementBoardIncentivePlanTrustNCL_2">役員株式給付引当金、固定負債</link:label>    <link:labelArc xlink:type="arc" xlink:arcrole="http://www.xbrl.org/2003/arcrole/concept-label" xlink:from="ProvisionForManagementBoardIncentivePlanTrustNCL" xlink:to="label_ProvisionForManagementBoardIncentivePlanTrustNCL_2" />    <link:label xlink:type="resource" xlink:label="label_ProvisionForEmployeeStockOwnershipPlanTrustNCL" xml:lang="ja" xlink:role="http://www.xbrl.org/2003/role/label" id="label_ProvisionForEmployeeStockOwnershipPlanTrustNCL">株式給付引当金</link:label>    <link:labelArc xlink:type="arc" xlink:arcrole="http://www.xbrl.org/2003/arcrole/concept-label" xlink:from="ProvisionForEmployeeStockOwnershipPlanTrustNCL" xlink:to="label_ProvisionForEmployeeStockOwnershipPlanTrustNCL" />    <link:label xlink:type="resource" xlink:label="label_ProvisionForEmployeeStockOwnershipPlanTrustNCL_2" xml:lang="ja" xlink:role="http://www.xbrl.org/2003/role/verboseLabel" id="label_ProvisionForEmployeeStockOwnershipPlanTrustNCL_2">株式給付引当金、固定負債</link:label>    <link:labelArc xlink:type="arc" xlink:arcrole="http://www.xbrl.org/2003/arcrole/concept-label" xlink:from="ProvisionForEmployeeStockOwnershipPlanTrustNCL" xlink:to="label_ProvisionForEmployeeStockOwnershipPlanTrustNCL_2" />    <link:label xlink:type="resource" xlink:label="label_GainOnRedemptionOfInvestmentSecuritiesNOI" xml:lang="ja" xlink:role="http://www.xbrl.org/2003/role/label" id="label_GainOnRedemptionOfInvestmentSecuritiesNOI">投資有価証券償還益</link:label>    <link:labelArc xlink:type="arc" xlink:arcrole="http://www.xbrl.org/2003/arcrole/concept-label" xlink:from="GainOnRedemptionOfInvestmentSecuritiesNOI" xlink:to="label_GainOnRedemptionOfInvestmentSecuritiesNOI" />    <link:label xlink:type="resource" xlink:label="label_GainOnRedemptionOfInvestmentSecuritiesNOI_2" xml:lang="ja" xlink:role="http://www.xbrl.org/2003/role/verboseLabel" id="label_GainOnRedemptionOfInvestmentSecuritiesNOI_2">投資有価証券償還益、営業外収益</link:label>    <link:labelArc xlink:type="arc" xlink:arcrole="http://www.xbrl.org/2003/arcrole/concept-label" xlink:from="GainOnRedemptionOfInvestmentSecuritiesNOI" xlink:to="label_GainOnRedemptionOfInvestmentSecuritiesNOI_2" />  </link:labelLink></link:linkbase>