<?xml version="1.0" encoding="utf-8"?>
<manifest xmlns="http://disclosure.edinet-fsa.go.jp/2013/manifest"><tocComposition><title xml:lang="ja">決算短信添付資料</title><title xml:lang="en">Earnings digest attached document</title><item in="presentation" ref="tse-anrejpfr" extrole="http://www.xbrl.tdnet.info/jp/tse/tdnet/role/RoleAttachedDocument" /></tocComposition><list><instance id="tse-anrejpfr" type="Attachment" preferredFilename="tse-anrejpfr-34810-2019-02-28-01-2019-04-15.xbrl"><ixbrl>0101010-arbs01-tse-anrejpfr-34810-2019-02-28-01-2019-04-15-ixbrl.htm</ixbrl><ixbrl>0102010-arpl01-tse-anrejpfr-34810-2019-02-28-01-2019-04-15-ixbrl.htm</ixbrl><ixbrl>0103010-arss01-tse-anrejpfr-34810-2019-02-28-01-2019-04-15-ixbrl.htm</ixbrl><ixbrl>0104010-ards01-tse-anrejpfr-34810-2019-02-28-01-2019-04-15-ixbrl.htm</ixbrl><ixbrl>0105010-arcf01-tse-anrejpfr-34810-2019-02-28-01-2019-04-15-ixbrl.htm</ixbrl></instance></list></manifest>