<?xml version="1.0" encoding="utf-8"?>
<!-- Generated by PRONEXUS WORKS --><link:linkbase xmlns:link="http://www.xbrl.org/2003/linkbase" xmlns:xsi="http://www.w3.org/2001/XMLSchema-instance" xmlns:xbrli="http://www.xbrl.org/2003/instance" xmlns:xlink="http://www.w3.org/1999/xlink">  <link:labelLink xlink:type="extended" xlink:role="http://www.xbrl.org/2003/role/link">    <link:loc xlink:type="locator" xlink:href="tse-anrejpfr-34810-2019-02-28-01-2019-04-15.xsd#tse-anrejpfr-34810_PaymentOfDistributionsOfRetainedEarningsFinCF" xlink:label="PaymentOfDistributionsOfRetainedEarningsFinCF" />    <link:loc xlink:type="locator" xlink:href="tse-anrejpfr-34810-2019-02-28-01-2019-04-15.xsd#tse-anrejpfr-34810_PaymentOfDistributionsInExcessOfRetainedEarningsFinCF" xlink:label="PaymentOfDistributionsInExcessOfRetainedEarningsFinCF" />    <link:loc xlink:type="locator" xlink:href="tse-anrejpfr-34810-2019-02-28-01-2019-04-15.xsd#tse-anrejpfr-34810_DistributionPayableCL" xlink:label="DistributionPayableCL" />    <link:loc xlink:type="locator" xlink:href="tse-anrejpfr-34810-2019-02-28-01-2019-04-15.xsd#tse-anrejpfr-34810_UnitholdersCapitalAbstract" xlink:label="UnitholdersCapitalAbstract" />    <link:loc xlink:type="locator" xlink:href="tse-anrejpfr-34810-2019-02-28-01-2019-04-15.xsd#tse-anrejpfr-34810_DistributionsInExcessOfRetainedEarnings" xlink:label="DistributionsInExcessOfRetainedEarnings" />    <link:loc xlink:type="locator" xlink:href="tse-anrejpfr-34810-2019-02-28-01-2019-04-15.xsd#tse-anrejpfr-34810_DecreaseIncreaseInAccountsReceivableOther" xlink:label="DecreaseIncreaseInAccountsReceivableOther" />    <link:label xlink:type="resource" xlink:label="label_DistributionPayableCL" xml:lang="en" xlink:role="http://www.xbrl.org/2003/role/label" id="label_DistributionPayableCL">Distribution payable</link:label>    <link:labelArc xlink:type="arc" xlink:arcrole="http://www.xbrl.org/2003/arcrole/concept-label" xlink:from="DistributionPayableCL" xlink:to="label_DistributionPayableCL" />    <link:label xlink:type="resource" xlink:label="label_DistributionPayableCL_2" xml:lang="en" xlink:role="http://www.xbrl.org/2003/role/verboseLabel" id="label_DistributionPayableCL_2">Distribution payable -CL</link:label>    <link:labelArc xlink:type="arc" xlink:arcrole="http://www.xbrl.org/2003/arcrole/concept-label" xlink:from="DistributionPayableCL" xlink:to="label_DistributionPayableCL_2" />    <link:label xlink:type="resource" xlink:label="label_UnitholdersCapitalAbstract" xml:lang="en" xlink:role="http://www.xbrl.org/2003/role/label" id="label_UnitholdersCapitalAbstract">Unitholders' capital</link:label>    <link:labelArc xlink:type="arc" xlink:arcrole="http://www.xbrl.org/2003/arcrole/concept-label" xlink:from="UnitholdersCapitalAbstract" xlink:to="label_UnitholdersCapitalAbstract" />    <link:label xlink:type="resource" xlink:label="label_UnitholdersCapitalAbstract_2" xml:lang="en" xlink:role="http://www.xbrl.org/2003/role/verboseLabel" id="label_UnitholdersCapitalAbstract_2">Unitholders' capital [abstract]</link:label>    <link:labelArc xlink:type="arc" xlink:arcrole="http://www.xbrl.org/2003/arcrole/concept-label" xlink:from="UnitholdersCapitalAbstract" xlink:to="label_UnitholdersCapitalAbstract_2" />    <link:label xlink:type="resource" xlink:label="label_PaymentOfDistributionsOfRetainedEarningsFinCF" xml:lang="en" xlink:role="http://www.xbrl.org/2003/role/label" id="label_PaymentOfDistributionsOfRetainedEarningsFinCF">Payment of distributions of retained earnings</link:label>    <link:labelArc xlink:type="arc" xlink:arcrole="http://www.xbrl.org/2003/arcrole/concept-label" xlink:from="PaymentOfDistributionsOfRetainedEarningsFinCF" xlink:to="label_PaymentOfDistributionsOfRetainedEarningsFinCF" />    <link:label xlink:type="resource" xlink:label="label_PaymentOfDistributionsOfRetainedEarningsFinCF_2" xml:lang="en" xlink:role="http://www.xbrl.org/2003/role/verboseLabel" id="label_PaymentOfDistributionsOfRetainedEarningsFinCF_2">Payment of distributions of retained earnings-FinCF</link:label>    <link:labelArc xlink:type="arc" xlink:arcrole="http://www.xbrl.org/2003/arcrole/concept-label" xlink:from="PaymentOfDistributionsOfRetainedEarningsFinCF" xlink:to="label_PaymentOfDistributionsOfRetainedEarningsFinCF_2" />    <link:label xlink:type="resource" xlink:label="label_PaymentOfDistributionsInExcessOfRetainedEarningsFinCF" xml:lang="en" xlink:role="http://www.xbrl.org/2003/role/label" id="label_PaymentOfDistributionsInExcessOfRetainedEarningsFinCF">Payment of distributions in excess of retained earnings</link:label>    <link:labelArc xlink:type="arc" xlink:arcrole="http://www.xbrl.org/2003/arcrole/concept-label" xlink:from="PaymentOfDistributionsInExcessOfRetainedEarningsFinCF" xlink:to="label_PaymentOfDistributionsInExcessOfRetainedEarningsFinCF" />    <link:label xlink:type="resource" xlink:label="label_PaymentOfDistributionsInExcessOfRetainedEarningsFinCF_2" xml:lang="en" xlink:role="http://www.xbrl.org/2003/role/verboseLabel" id="label_PaymentOfDistributionsInExcessOfRetainedEarningsFinCF_2">Payment of distributions in excess of retained earnings-FinCF</link:label>    <link:labelArc xlink:type="arc" xlink:arcrole="http://www.xbrl.org/2003/arcrole/concept-label" xlink:from="PaymentOfDistributionsInExcessOfRetainedEarningsFinCF" xlink:to="label_PaymentOfDistributionsInExcessOfRetainedEarningsFinCF_2" />    <link:label xlink:type="resource" xlink:label="label_DecreaseIncreaseInAccountsReceivableOther" xml:lang="en" xlink:role="http://www.xbrl.org/2003/role/label" id="label_DecreaseIncreaseInAccountsReceivableOther">Decrease (increase) in accounts receivable - other</link:label>    <link:labelArc xlink:type="arc" xlink:arcrole="http://www.xbrl.org/2003/arcrole/concept-label" xlink:from="DecreaseIncreaseInAccountsReceivableOther" xlink:to="label_DecreaseIncreaseInAccountsReceivableOther" />    <link:label xlink:type="resource" xlink:label="label_DecreaseIncreaseInAccountsReceivableOther_2" xml:lang="en" xlink:role="http://www.xbrl.org/2003/role/verboseLabel" id="label_DecreaseIncreaseInAccountsReceivableOther_2">Decrease (increase) in accounts receivable - other</link:label>    <link:labelArc xlink:type="arc" xlink:arcrole="http://www.xbrl.org/2003/arcrole/concept-label" xlink:from="DecreaseIncreaseInAccountsReceivableOther" xlink:to="label_DecreaseIncreaseInAccountsReceivableOther_2" />    <link:loc xlink:type="locator" xlink:href="tse-anrejpfr-34810-2019-02-28-01-2019-04-15.xsd#tse-anrejpfr-34810_LossOnDisasterCF" xlink:label="LossOnDisasterCF" />    <link:label xlink:type="resource" xlink:label="label_LossOnDisasterCF" xml:lang="en" xlink:role="http://www.xbrl.org/2003/role/label" id="label_LossOnDisasterCF">Loss on disaster</link:label>    <link:labelArc xlink:type="arc" xlink:arcrole="http://www.xbrl.org/2003/arcrole/concept-label" xlink:from="LossOnDisasterCF" xlink:to="label_LossOnDisasterCF" />    <link:label xlink:type="resource" xlink:label="label_LossOnDisasterCF_2" xml:lang="en" xlink:role="http://www.xbrl.org/2003/role/verboseLabel" id="label_LossOnDisasterCF_2">Loss on disaster-CF</link:label>    <link:labelArc xlink:type="arc" xlink:arcrole="http://www.xbrl.org/2003/arcrole/concept-label" xlink:from="LossOnDisasterCF" xlink:to="label_LossOnDisasterCF_2" />    <link:label xlink:type="resource" xlink:label="label_DistributionsInExcessOfRetainedEarnings" xml:lang="en" xlink:role="http://www.xbrl.org/2003/role/label" id="label_DistributionsInExcessOfRetainedEarnings">Distributions in excess of retained earnings</link:label>    <link:labelArc xlink:type="arc" xlink:arcrole="http://www.xbrl.org/2003/arcrole/concept-label" xlink:from="DistributionsInExcessOfRetainedEarnings" xlink:to="label_DistributionsInExcessOfRetainedEarnings" />    <link:label xlink:type="resource" xlink:label="label_DistributionsInExcessOfRetainedEarnings_2" xml:lang="en" xlink:role="http://www.xbrl.org/2003/role/verboseLabel" id="label_DistributionsInExcessOfRetainedEarnings_2">Distributions in excess of retained earnings</link:label>    <link:labelArc xlink:type="arc" xlink:arcrole="http://www.xbrl.org/2003/arcrole/concept-label" xlink:from="DistributionsInExcessOfRetainedEarnings" xlink:to="label_DistributionsInExcessOfRetainedEarnings_2" />  </link:labelLink></link:linkbase>