<?xml version="1.0" encoding="utf-8"?>
<!-- Generated by PRONEXUS WORKS --><link:linkbase xmlns:link="http://www.xbrl.org/2003/linkbase" xmlns:xsi="http://www.w3.org/2001/XMLSchema-instance" xmlns:xbrli="http://www.xbrl.org/2003/instance" xmlns:xlink="http://www.w3.org/1999/xlink">  <link:labelLink xlink:type="extended" xlink:role="http://www.xbrl.org/2003/role/link">    <link:loc xlink:type="locator" xlink:href="tse-anrejpfr-34810-2019-02-28-01-2019-04-15.xsd#tse-anrejpfr-34810_PaymentOfDistributionsOfRetainedEarningsFinCF" xlink:label="PaymentOfDistributionsOfRetainedEarningsFinCF" />    <link:loc xlink:type="locator" xlink:href="tse-anrejpfr-34810-2019-02-28-01-2019-04-15.xsd#tse-anrejpfr-34810_PaymentOfDistributionsInExcessOfRetainedEarningsFinCF" xlink:label="PaymentOfDistributionsInExcessOfRetainedEarningsFinCF" />    <link:loc xlink:type="locator" xlink:href="tse-anrejpfr-34810-2019-02-28-01-2019-04-15.xsd#tse-anrejpfr-34810_DistributionPayableCL" xlink:label="DistributionPayableCL" />    <link:loc xlink:type="locator" xlink:href="tse-anrejpfr-34810-2019-02-28-01-2019-04-15.xsd#tse-anrejpfr-34810_UnitholdersCapitalAbstract" xlink:label="UnitholdersCapitalAbstract" />    <link:loc xlink:type="locator" xlink:href="tse-anrejpfr-34810-2019-02-28-01-2019-04-15.xsd#tse-anrejpfr-34810_DistributionsInExcessOfRetainedEarnings" xlink:label="DistributionsInExcessOfRetainedEarnings" />    <link:loc xlink:type="locator" xlink:href="tse-anrejpfr-34810-2019-02-28-01-2019-04-15.xsd#tse-anrejpfr-34810_DecreaseIncreaseInAccountsReceivableOther" xlink:label="DecreaseIncreaseInAccountsReceivableOther" />    <link:label xlink:type="resource" xlink:label="label_DistributionPayableCL_2" xml:lang="ja" xlink:role="http://www.xbrl.org/2003/role/label" id="label_DistributionPayableCL_2">未払分配金</link:label>    <link:labelArc xlink:type="arc" xlink:arcrole="http://www.xbrl.org/2003/arcrole/concept-label" xlink:from="DistributionPayableCL" xlink:to="label_DistributionPayableCL_2" />    <link:label xlink:type="resource" xlink:label="label_DistributionPayableCL" xml:lang="ja" xlink:role="http://www.xbrl.org/2003/role/verboseLabel" id="label_DistributionPayableCL">未払分配金、流動負債</link:label>    <link:labelArc xlink:type="arc" xlink:arcrole="http://www.xbrl.org/2003/arcrole/concept-label" xlink:from="DistributionPayableCL" xlink:to="label_DistributionPayableCL" />    <link:label xlink:type="resource" xlink:label="label_UnitholdersCapitalAbstract_2" xml:lang="ja" xlink:role="http://www.xbrl.org/2003/role/label" id="label_UnitholdersCapitalAbstract_2">出資総額</link:label>    <link:labelArc xlink:type="arc" xlink:arcrole="http://www.xbrl.org/2003/arcrole/concept-label" xlink:from="UnitholdersCapitalAbstract" xlink:to="label_UnitholdersCapitalAbstract_2" />    <link:label xlink:type="resource" xlink:label="label_UnitholdersCapitalAbstract" xml:lang="ja" xlink:role="http://www.xbrl.org/2003/role/verboseLabel" id="label_UnitholdersCapitalAbstract">出資総額 [タイトル項目]</link:label>    <link:labelArc xlink:type="arc" xlink:arcrole="http://www.xbrl.org/2003/arcrole/concept-label" xlink:from="UnitholdersCapitalAbstract" xlink:to="label_UnitholdersCapitalAbstract" />    <link:label xlink:type="resource" xlink:label="label_PaymentOfDistributionsOfRetainedEarningsFinCF" xml:lang="ja" xlink:role="http://www.xbrl.org/2003/role/label" id="label_PaymentOfDistributionsOfRetainedEarningsFinCF">利益分配金の支払額</link:label>    <link:labelArc xlink:type="arc" xlink:arcrole="http://www.xbrl.org/2003/arcrole/concept-label" xlink:from="PaymentOfDistributionsOfRetainedEarningsFinCF" xlink:to="label_PaymentOfDistributionsOfRetainedEarningsFinCF" />    <link:label xlink:type="resource" xlink:label="label_PaymentOfDistributionsOfRetainedEarningsFinCF_2" xml:lang="ja" xlink:role="http://www.xbrl.org/2003/role/verboseLabel" id="label_PaymentOfDistributionsOfRetainedEarningsFinCF_2">利益分配金の支払額、財務活動によるキャッシュ・フロー</link:label>    <link:labelArc xlink:type="arc" xlink:arcrole="http://www.xbrl.org/2003/arcrole/concept-label" xlink:from="PaymentOfDistributionsOfRetainedEarningsFinCF" xlink:to="label_PaymentOfDistributionsOfRetainedEarningsFinCF_2" />    <link:label xlink:type="resource" xlink:label="label_PaymentOfDistributionsInExcessOfRetainedEarningsFinCF" xml:lang="ja" xlink:role="http://www.xbrl.org/2003/role/label" id="label_PaymentOfDistributionsInExcessOfRetainedEarningsFinCF">利益超過分配金の支払額</link:label>    <link:labelArc xlink:type="arc" xlink:arcrole="http://www.xbrl.org/2003/arcrole/concept-label" xlink:from="PaymentOfDistributionsInExcessOfRetainedEarningsFinCF" xlink:to="label_PaymentOfDistributionsInExcessOfRetainedEarningsFinCF" />    <link:label xlink:type="resource" xlink:label="label_PaymentOfDistributionsInExcessOfRetainedEarningsFinCF_2" xml:lang="ja" xlink:role="http://www.xbrl.org/2003/role/verboseLabel" id="label_PaymentOfDistributionsInExcessOfRetainedEarningsFinCF_2">利益超過分配金の支払額、財務活動によるキャッシュ・フロー</link:label>    <link:labelArc xlink:type="arc" xlink:arcrole="http://www.xbrl.org/2003/arcrole/concept-label" xlink:from="PaymentOfDistributionsInExcessOfRetainedEarningsFinCF" xlink:to="label_PaymentOfDistributionsInExcessOfRetainedEarningsFinCF_2" />    <link:label xlink:type="resource" xlink:label="label_DecreaseIncreaseInAccountsReceivableOther_2" xml:lang="ja" xlink:role="http://www.xbrl.org/2003/role/label" id="label_DecreaseIncreaseInAccountsReceivableOther_2">営業未収入金の増減額（△は増加）</link:label>    <link:labelArc xlink:type="arc" xlink:arcrole="http://www.xbrl.org/2003/arcrole/concept-label" xlink:from="DecreaseIncreaseInAccountsReceivableOther" xlink:to="label_DecreaseIncreaseInAccountsReceivableOther_2" />    <link:label xlink:type="resource" xlink:label="label_DecreaseIncreaseInAccountsReceivableOther" xml:lang="ja" xlink:role="http://www.xbrl.org/2003/role/verboseLabel" id="label_DecreaseIncreaseInAccountsReceivableOther">営業未収入金の増減額（△は増加）</link:label>    <link:labelArc xlink:type="arc" xlink:arcrole="http://www.xbrl.org/2003/arcrole/concept-label" xlink:from="DecreaseIncreaseInAccountsReceivableOther" xlink:to="label_DecreaseIncreaseInAccountsReceivableOther" />    <link:loc xlink:type="locator" xlink:href="tse-anrejpfr-34810-2019-02-28-01-2019-04-15.xsd#tse-anrejpfr-34810_LossOnDisasterCF" xlink:label="LossOnDisasterCF" />    <link:label xlink:type="resource" xlink:label="label_LossOnDisasterCF" xml:lang="ja" xlink:role="http://www.xbrl.org/2003/role/label" id="label_LossOnDisasterCF">災害による損失</link:label>    <link:labelArc xlink:type="arc" xlink:arcrole="http://www.xbrl.org/2003/arcrole/concept-label" xlink:from="LossOnDisasterCF" xlink:to="label_LossOnDisasterCF" />    <link:label xlink:type="resource" xlink:label="label_LossOnDisasterCF_2" xml:lang="ja" xlink:role="http://www.xbrl.org/2003/role/verboseLabel" id="label_LossOnDisasterCF_2">災害による損失</link:label>    <link:labelArc xlink:type="arc" xlink:arcrole="http://www.xbrl.org/2003/arcrole/concept-label" xlink:from="LossOnDisasterCF" xlink:to="label_LossOnDisasterCF_2" />    <link:label xlink:type="resource" xlink:label="label_DistributionsInExcessOfRetainedEarnings_2" xml:lang="ja" xlink:role="http://www.xbrl.org/2003/role/label" id="label_DistributionsInExcessOfRetainedEarnings_2">利益超過分配</link:label>    <link:labelArc xlink:type="arc" xlink:arcrole="http://www.xbrl.org/2003/arcrole/concept-label" xlink:from="DistributionsInExcessOfRetainedEarnings" xlink:to="label_DistributionsInExcessOfRetainedEarnings_2" />    <link:label xlink:type="resource" xlink:label="label_DistributionsInExcessOfRetainedEarnings" xml:lang="ja" xlink:role="http://www.xbrl.org/2003/role/verboseLabel" id="label_DistributionsInExcessOfRetainedEarnings">利益超過分配</link:label>    <link:labelArc xlink:type="arc" xlink:arcrole="http://www.xbrl.org/2003/arcrole/concept-label" xlink:from="DistributionsInExcessOfRetainedEarnings" xlink:to="label_DistributionsInExcessOfRetainedEarnings" />  </link:labelLink></link:linkbase>